R#,ADP,PLAYER,POS,TEAM,GP,MPG,FG%,FT%,3PM,PTS,TREB,AST,STL,BLK,TO,TOTAL
1,1.4,Nikola Jokic,C,DEN,74,35.7,0.604 (10.9/18.1),0.836 (3.9/4.6),1.5,27.2,12.7,10.3,1.6,0.8,3.2,17.45
2,2.8,Shai Gilgeous-Alexander,PG,OKC,74,34.1,0.527 (11.1/21.0),0.886 (7.8/8.8),2.1,32.1,5.3,6.3,1.7,1,2.3,15.57
3,3.5,Victor Wembanyama,C,SA,65,32.4,0.496 (9.1/18.4),0.802 (5.2/6.5),1,24.5,11,3.7,1.1,3.7,3.7,13.01
4,4.6,Luka Doncic,PG,LAL,70,35.8,0.473 (10.4/22.0),0.793 (6.6/8.3),3.8,31.2,9.1,8.8,1.4,0.5,3.8,11.18
5,4,Giannis Antetokounmpo,PF/C,MIL,70,34.7,0.607 (12.0/19.8),0.633 (6.8/10.8),0.7,31.5,11.8,6.8,0.9,1.1,3.4,11.04
6,8.4,Anthony Davis,PF/C,DAL,63,34.5,0.510 (9.4/18.3),0.787 (5.6/7.1),0.8,25.1,11.8,3.5,1.2,2.1,2.2,9.85
7,13.6,James Harden,PG/SG,LAC,75,34.8,0.448 (6.5/14.6),0.874 (5.4/6.2),3.3,21.7,5.5,8.5,1.3,0.8,3.6,9.32
8,20.9,Tyrese Maxey,PG/SG,PHI,65,37.6,0.444 (9.8/22.0),0.870 (5.2/6.0),3.3,28.1,3.8,6.6,1.5,0.5,2.3,8.17
9,6.8,Anthony Edwards,SG/SF,MIN,69,36.1,0.449 (9.3/20.6),0.837 (5.6/6.7),4.1,28.3,5.9,5.1,1.3,0.6,3.3,8.16
10,8.1,Cade Cunningham,PG/SG,DET,70,35.2,0.467 (9.6/20.6),0.856 (4.6/5.4),2.2,26.1,4.7,9.8,1,0.8,4.7,7.8
11,15,Devin Booker,PG/SG,PHO,72,36.6,0.476 (9.1/19.2),0.890 (5.9/6.6),2.4,26.5,4.3,7.6,0.9,0.3,2.8,7.73
12,24.6,Kevin Durant,PF,HOU,65,34,0.524 (9.1/17.4),0.848 (4.5/5.3),2.2,25,5.9,4.7,0.8,1,3.1,7.62
R#,ADP,PLAYER,POS,TEAM,GP,MPG,FG%,FT%,3PM,PTS,TREB,AST,STL,BLK,TO,TOTAL
13,16.6,Stephen Curry,PG,GS,68,32,0.449 (8.1/18.1),0.928 (4.0/4.3),4.4,24.7,4.4,5.7,0.9,0.4,2.8,7.59
14,49.5,Austin Reaves,PG/SG/SF,LAL,72,33.5,0.477 (7.9/16.6),0.865 (4.2/4.8),3.1,23.1,5.1,7.1,1.3,0.4,2.8,7.47
15,65.3,Kawhi Leonard,SF/PF,LAC,52,31.1,0.500 (8.0/16.0),0.857 (3.6/4.2),2.2,21.8,5.5,3.5,1.9,0.7,1.7,7.36
16 1,12.8,Karl-Anthony Towns,PF/C,NY,69,32.8,0.485 (7.3/15.0),0.846 (3.9/4.6),1.8,20.2,12.1,3,0.8,1.1,2.4,6.64
17 1,32.5,LaMelo Ball,PG,CHA,50,32.2,0.413 (8.6/20.9),0.849 (4.2/4.9),3.8,25.3,6.1,7.8,1.3,0.3,3.7,6.46
18 1,67,Jalen Duren,C,DET,72,27.6,0.642 (7.0/10.8),0.836 (4.5/5.3),0,18.4,11.1,1.6,0.6,1.1,2.3,6.09
19 1,32.2,Evan Mobley,PF/C,CLE,70,30.6,0.558 (7.4/13.3),0.721 (3.0/4.2),1.2,19.1,9.6,3.3,0.9,1.7,2.1,5.96
20 1,23.1,Donovan Mitchell,PG/SG,CLE,72,31.8,0.449 (8.4/18.7),0.843 (4.4/5.2),3.3,24.5,4.6,5.3,1.4,0.4,2.3,5.86
21 5,21,LeBron James,SF/PF,LAL,45,33,0.526 (9.1/17.4),0.763 (3.8/5.0),2,24.2,7.3,8,1.1,0.5,3.5,5.51
22,39,Jamal Murray,PG,DEN,68,34.8,0.474 (8.0/16.9),0.873 (3.1/3.5),2.4,21.5,4.1,6,1.2,0.6,2.2,5.32
23,56.3,Jimmy Butler,SG/SF/PF,GS,58,32.9,0.500 (5.9/11.8),0.855 (7.2/8.4),0.8,19.9,5.1,5,1.3,0.3,1.6,5.25
24 1,11.9,Domantas Sabonis,PF/C,SAC,67,35.2,0.544 (7.0/12.9),0.736 (3.0/4.1),0.9,18,13.8,5.5,1,0.5,3,5.13
R#,ADP,PLAYER,POS,TEAM,GP,MPG,FG%,FT%,3PM,PTS,TREB,AST,STL,BLK,TO,TOTAL
25 1,23.3,Jalen Brunson,PG,NY,68,34.4,0.483 (9.5/19.7),0.835 (5.5/6.5),2.4,26.8,3,7.2,0.9,0.2,2.4,5.05
26 1,43.8,Derrick White,PG/SG,BOS,74,33.2,0.430 (6.0/14.0),0.868 (1.8/2.1),3.4,17.3,5,5.6,1,1.1,1.6,4.97
27 1,34.6,Scottie Barnes,SG/SF/PF,TOR,69,33.9,0.459 (7.5/16.2),0.766 (3.4/4.5),1.4,19.8,8.1,6,1.4,1.2,2.8,4.92
28 1,37,De'Aaron Fox,PG,SA,68,35.2,0.466 (8.7/18.7),0.796 (4.2/5.2),2.3,23.9,4.6,5.9,1.6,0.4,2.7,4.86
29 1,24.7,Alperen Sengün,C,HOU,74,34.9,0.489 (8.4/17.2),0.738 (4.4/6.0),1,22.3,9,6.2,1.3,0.9,3,4.61
30 1,19.9,Josh Giddey,PG/SG/SF,CHI,72,33.1,0.482 (7.2/14.9),0.757 (2.2/3.0),1.7,18.4,8.6,8.1,1,0.5,3.1,4.44
31 1,46.8,Jalen Johnson,PF,ATL,65,34.7,0.507 (7.0/13.7),0.735 (2.2/3.0),1.3,17.4,9.4,4.2,1.4,0.9,2.3,4.37
32 1,59.7,Jaren Jackson Jr.,PF/C,MEM,65,30,0.483 (7.0/14.5),0.796 (4.7/5.9),1.9,20.6,5.7,2.2,1,1.6,2.3,4.35
33 1,34.9,Franz Wagner,SF/PF,ORL,68,33.1,0.472 (8.4/17.8),0.861 (4.3/5.0),1.6,22.6,5.7,4.5,1.2,0.4,2.2,4.26
34 1,39,Chet Holmgren,PF/C,OKC,62,30.4,0.491 (6.3/12.8),0.771 (3.1/4.1),1.7,17.4,9.4,2.6,0.7,1.6,1.8,4.26
35 11,11,Trae Young,PG,ATL,44,34,0.419 (7.1/17.0),0.868 (6.2/7.1),2.6,23,2.8,9.8,1.2,0.2,4.3,4.19
36,59.4,Mikal Bridges,SG/SF,NY,80,35.2,0.518 (6.7/13.0),0.829 (1.4/1.7),2.2,17.1,4.7,4.7,1.1,0.7,1.7,4.12
R#,ADP,PLAYER,POS,TEAM,GP,MPG,FG%,FT%,3PM,PTS,TREB,AST,STL,BLK,TO,TOTAL
37 1,19.8,Jaylen Brown,SG/SF,BOS,68,33.9,0.481 (11.2/23.3),0.750 (3.7/4.9),2.2,28.3,6.2,4.4,1.2,0.4,2.6,3.89
38 2,27.6,Bam Adebayo,PF/C,MIA,74,33.2,0.476 (7.4/15.5),0.818 (3.9/4.7),1.3,20,9.8,3.3,1,0.6,2.1,3.63
39 2,21.8,Jalen Williams,SF/PF/C,OKC,60,32,0.477 (7.8/16.3),0.788 (3.4/4.3),1.7,20.6,4.9,4.9,1.4,0.7,2,3.48
40 2,77.7,Darius Garland,PG,CLE,61,31.4,0.461 (7.0/15.2),0.858 (2.8/3.3),2.9,19.7,2.8,6.6,1.3,0.1,2.8,3.42
41 2,69.2,Tyler Herro,PG/SG,MIA,58,33.2,0.461 (7.9/17.1),0.866 (3.1/3.6),3.1,22,5,5,0.8,0.2,2.4,3.34
42 2,85.8,Alexandre Sarr,C,WAS,70,29.4,0.490 (6.8/14.0),0.726 (1.9/2.6),1.1,16.7,7.6,3,0.7,2,2,3.24
43 2,46.3,Dyson Daniels,PG/SG,ATL,74,33,0.457 (5.8/12.7),0.607 (2.2/3.6),1.2,15,6.3,6,2.3,0.8,2.1,3.2
44 7,76.1,Kristaps Porzingis,PF/C,ATL,49,29.2,0.483 (6.5/13.4),0.817 (3.8/4.7),2.2,18.9,6.8,2.1,0.7,1.5,1.7,3.19
45 1,64.4,Trey Murphy III,SG/SF,NO,65,34.3,0.431 (7.2/16.8),0.858 (3.0/3.5),3,20.5,5.1,3.8,1.1,0.6,2.1,3.12
46 2,75.8,Julius Randle,PF,MIN,70,33.8,0.488 (7.0/14.3),0.809 (4.3/5.4),1.9,20.2,7.7,4.9,0.9,0.2,3,3.03
47 2,31.3,Nikola Vucevic,C,CHI,74,30,0.505 (7.0/13.9),0.809 (1.4/1.7),1.5,17,10.2,2.5,0.8,0.7,1.5,3.02
48 2,28.4,Paolo Banchero,SF/PF,ORL,63,34.7,0.449 (9.0/20.1),0.773 (6.2/8.0),1.5,25.8,8.6,4.4,0.8,1,2.7,2.86
R#,ADP,PLAYER,POS,TEAM,GP,MPG,FG%,FT%,3PM,PTS,TREB,AST,STL,BLK,TO,TOTAL
49 2,18.2,Pascal Siakam,PF,IND,76,32.9,0.460 (9.4/20.5),0.676 (4.0/6.0),1.9,24.7,8.7,5.7,1.3,0.4,2,2.85
50 4,97.2,Deandre Ayton,C,LAL,67,31.3,0.606 (7.0/11.5),0.643 (1.0/1.5),0.1,15,9.4,1.9,0.8,1.2,1.6,2.52
51 5,106.2,Isaiah Hartenstein,C,OKC,66,28.6,0.639 (4.3/6.8),0.734 (1.9/2.5),0,10.5,10.4,3.3,1,1,1.5,2.45
52 5,49.1,Ivica Zubac,C,LAC,74,29.6,0.636 (6.3/9.9),0.688 (1.9/2.7),0,14.4,11.1,2.1,0.5,1.2,1.4,2.39
53 5,55.6,Michael Porter Jr.,SF/PF,BKN,79,32.7,0.473 (7.5/16.0),0.788 (2.2/2.7),3.1,20.3,8.1,2,0.6,0.6,2,2.37
54 5,74.2,OG Anunoby,SF/PF,NY,68,34.3,0.480 (6.2/12.9),0.794 (2.0/2.5),2.2,16.6,4.5,2.2,1.4,0.8,1.5,2.33
55 6,66.6,Deni Avdija,SF/PF,POR,73,30.1,0.478 (6.2/13.0),0.777 (4.0/5.1),1.7,18.1,7.9,4.4,1,0.6,2.8,2.29
56 17,72.4,Walker Kessler,C,UTA,17,30.2,0.656 (4.4/6.8),0.695 (2.1/3.0),0.7,11.7,10.2,1.3,0.5,2.4,1.7,2.28
57 5,79.4,Lauri Markkanen,SF/PF,UTA,49,31,0.453 (6.5/14.3),0.887 (3.8/4.3),2.9,19.6,6.4,1.7,0.8,0.4,1.3,2.23
58 4,16.4,Amen Thompson,SG/SF/PF,HOU,72,34.3,0.496 (7.6/15.3),0.731 (3.7/5.0),0.5,19.4,6.7,5.8,1.3,0.8,2,2.21
59 4,47.8,Coby White,PG/SG,CHI,58,33.8,0.450 (6.5/14.5),0.872 (3.6/4.2),3,19.7,3.9,4.4,0.8,0.2,2.1,2.19
60 7,103.5,Mark Williams,C,PHO,49,26.7,0.611 (5.7/9.4),0.763 (2.7/3.5),0,14.1,9.9,2,0.8,1.2,1.4,2.16
R#,ADP,PLAYER,POS,TEAM,GP,MPG,FG%,FT%,3PM,PTS,TREB,AST,STL,BLK,TO,TOTAL
61 4,140,Ryan Rollins,PG/SG,MIL,60,30.3,0.475 (5.3/11.2),0.820 (1.8/2.2),1.9,14.4,4.2,5.5,1.5,0.4,2.4,2.15
62 4,140.2,Ryan Kalkbrenner,C,CHA,59,28.7,0.642 (4.5/7.0),0.728 (1.1/1.5),0.1,10.2,7.3,0.9,0.8,1.9,0.9,2.12
63 4,33.7,Ja Morant,PG,MEM,57,32.9,0.435 (7.5/17.2),0.845 (5.1/6.0),1.2,21.2,4.2,7.5,1,0.3,3.5,2.04
64 9,49.7,Joel Embiid,C,PHI,37,28.8,0.447 (7.0/15.6),0.862 (6.0/7.0),0.9,20.9,7.6,3.8,0.5,0.7,3,2.01
65 3,,Kyshawn George,SG/SF,WAS,70,30.5,0.461 (6.0/13.1),0.736 (1.9/2.5),2.3,16.2,5.7,3.4,1.3,1,1.9,1.99
66 3,52.3,Myles Turner,C,MIL,72,29.6,0.470 (5.6/11.9),0.779 (1.4/1.8),1.5,14.1,6.7,1.5,0.7,2,1.6,1.99
67 3,90.4,Payton Pritchard,PG,BOS,76,30.3,0.466 (5.6/12.1),0.829 (0.9/1.1),3.4,15.5,4.2,5.7,0.8,0.2,1.1,1.95
68 8,33.3,Zion Williamson,PF,NO,49,30.1,0.518 (9.1/17.5),0.669 (6.0/9.0),0.1,24.2,8.3,5.1,1.2,0.6,2.8,1.84
69 22,120,Kyrie Irving,PG/SG,DAL,17,28.5,0.472 (7.4/15.6),0.901 (2.9/3.2),2.4,20,4,4,1,0.3,1.9,1.82
70 1,125.5,Jrue Holiday,PG/SG,POR,60,30.7,0.449 (4.9/10.9),0.879 (1.1/1.2),2.1,12.9,5.1,5.1,1.1,0.7,1.7,1.71
71 2,138.5,Kon Knueppel,SG,CHA,70,31.7,0.455 (5.7/12.5),0.860 (3.0/3.4),2.9,17.2,5.6,3,0.8,0.3,1.5,1.64
72 2,55.1,Jarrett Allen,C,CLE,78,28.2,0.652 (5.2/8.0),0.734 (2.5/3.5),0,13,9.3,2.2,0.8,0.9,1.3,1.57
R#,ADP,PLAYER,POS,TEAM,GP,MPG,FG%,FT%,3PM,PTS,TREB,AST,STL,BLK,TO,TOTAL
73 2,42.9,Desmond Bane,SG/SF,ORL,70,31,0.460 (6.4/14.0),0.870 (2.4/2.7),2.4,17.6,4.5,3.8,0.9,0.4,2.1,1.48
74 2,,Nickeil Alexander-Walker,SG,ATL,78,30.4,0.444 (5.8/13.0),0.842 (2.6/3.1),2.2,16.3,3.5,3.5,1.2,0.6,1.4,1.46
75 2,58.5,Miles Bridges,SF/PF,CHA,66,31.4,0.447 (7.1/15.8),0.850 (2.7/3.2),2.1,18.9,6.8,3.3,0.8,0.5,1.9,1.45
76 2,130.3,Donte DiVincenzo,PG/SG,MIN,70,30.5,0.435 (5.3/12.2),0.770 (1.0/1.4),3.5,15.2,4,3.4,1.4,0.4,1.6,1.39
77 5,100.7,Paul George,SF/PF,PHI,44,31,0.446 (6.0/13.5),0.847 (2.5/2.9),2.3,16.8,4.4,3.2,1.4,0.4,1.9,1.34
78 1,,Jusuf Nurkic,C,UTA,55,30.1,0.483 (4.7/9.7),0.681 (1.4/2.1),0.5,11.3,11.9,4,1.2,0.8,2.6,1.32
79 15,135.7,Jayson Tatum,SF/PF,BOS,10,26.1,0.461 (6.7/14.5),0.823 (3.9/4.7),2.4,19.6,6.1,4,0.8,0.4,2,1.3
80,130.3,Kelly Oubre Jr.,SG/SF,PHI,64,32.4,0.466 (6.3/13.5),0.785 (2.8/3.5),1.7,17,6,1.8,1.4,0.7,1.4,1.3
81,140.3,Cedric Coward,SG/SF,MEM,65,29.4,0.483 (5.3/11.0),0.890 (3.1/3.4),1.6,15.3,5.9,3.1,0.8,0.3,1.9,1.29
82,140.3,Luke Kornet,C,SA,68,24.1,0.694 (4.7/6.7),0.763 (1.3/1.7),0,10.7,7.1,2.1,0.5,1.2,0.6,1.27
83,134.3,VJ Edgecombe,SG,PHI,70,32.4,0.446 (6.6/14.8),0.804 (2.5/3.1),1.9,17.6,4.8,3.5,1.4,0.5,1.5,1.26
84,32.1,Cooper Flagg,,DAL,70,31.4,0.426 (5.5/13.0),0.836 (3.5/4.2),1.2,15.8,5.3,3.8,1.2,0.8,1.8,1.24
R#,ADP,PLAYER,POS,TEAM,GP,MPG,FG%,FT%,3PM,PTS,TREB,AST,STL,BLK,TO,TOTAL
85,110,Tobias Harris,SF/PF,DET,71,32.2,0.478 (5.7/11.9),0.870 (2.2/2.5),1.2,14.8,5.9,2.5,1,0.7,1.2,1.13
86,62,Zach LaVine,SG/SF,SAC,69,34,0.497 (7.9/15.8),0.833 (3.2/3.8),3,21.9,2.7,2.5,0.6,0.2,2.6,1.09
87,88,Onyeka Okongwu,C,ATL,70,26.7,0.582 (4.8/8.2),0.771 (2.0/2.6),0.6,12,8.1,1.9,0.7,1,1.1,1.08
88,123.2,Toumani Camara,SF/PF,POR,74,33,0.455 (4.5/9.8),0.738 (1.4/1.9),1.9,12.2,6.4,2.5,1.5,0.7,1.6,0.96
89,43.7,DeMar DeRozan,SF/PF,SAC,74,34.9,0.478 (7.6/15.9),0.834 (5.2/6.3),0.9,21.4,3.8,3.1,0.9,0.4,1.4,0.95
90,122.2,Keyonte George,PG/SG,UTA,70,32.2,0.430 (6.0/13.9),0.839 (4.6/5.4),2.1,18.5,3.8,7.3,0.7,0.1,3.1,0.92
91,109,Immanuel Quickley,PG/SG,TOR,65,30.4,0.420 (5.0/12.0),0.856 (3.3/3.9),2.1,15.5,3.4,5.5,1.2,0.2,1.7,0.91
92 1,102.5,Jaden McDaniels,SF,MIN,76,31.6,0.482 (5.0/10.3),0.780 (1.8/2.3),1.8,13.6,5.3,1.9,1.2,0.8,1.3,0.83
93 1,139.2,Zach Edey,C,MEM,56,27.2,0.557 (4.6/8.2),0.711 (1.8/2.5),0.4,11.3,10.2,1.3,0.7,1.4,1.7,0.81
94 1,138.8,Herbert Jones,SF/PF,NO,69,31.5,0.453 (3.7/8.1),0.858 (1.8/2.1),1.3,10.5,4,3.2,1.6,0.6,1.4,0.81
95 1,104,Ausar Thompson,SF/PF,DET,67,30,0.490 (5.9/12.0),0.649 (1.8/2.7),0.5,14,7.1,2.6,1.7,1,1.6,0.8
96 1,109.3,Draymond Green,PF/C,GS,66,28.1,0.456 (3.3/7.2),0.702 (1.3/1.8),1.1,8.9,6.6,5.8,1.3,1,2.5,0.79
R#,ADP,PLAYER,POS,TEAM,GP,MPG,FG%,FT%,3PM,PTS,TREB,AST,STL,BLK,TO,TOTAL
97 5,59.1,Jalen Green,SG,PHO,40,32.3,0.423 (7.8/18.5),0.808 (3.7/4.6),2.9,22.2,5.3,3.8,0.9,0.4,2.6,0.73
98 1,79,Brandon Ingram,SF,TOR,50,33,0.471 (6.9/14.7),0.810 (3.2/3.9),1.8,18.8,4.6,4.2,0.7,0.6,2.5,0.7
99 1,111.3,Nicolas Claxton,C,BKN,70,27.3,0.596 (4.7/7.9),0.535 (1.3/2.4),0,10.8,8.4,2.1,0.7,1.7,1.2,0.65
100 2,97.2,Cam Thomas,SG/SF,BKN,35,31.3,0.441 (8.1/18.3),0.865 (4.7/5.4),2.4,23.1,3.3,3.2,0.7,0.2,2.1,0.58
101,136.2,Dereck Lively II,C,DAL,65,25.3,0.700 (4.3/6.2),0.635 (1.4/2.2),0,10.1,7.8,1.7,0.7,1.5,1.1,0.56
102,81.8,Christian Braun,SG/SF,DEN,74,33.9,0.511 (5.7/11.1),0.817 (2.3/2.8),1.1,14.8,4.3,2.5,1.1,0.6,1.1,0.55
103,126.5,Tari Eason,SF/PF,HOU,58,25.4,0.492 (4.9/9.9),0.730 (1.4/1.9),1.1,12.2,7,1.5,1.4,0.9,1.2,0.51
104,118.7,Kel'el Ware,C,MIA,69,27,0.559 (5.0/8.9),0.688 (0.9/1.3),0.7,11.4,8.6,1.1,0.7,1.1,1.1,0.41
105,,Royce O'Neale,SF,PHO,73,30.6,0.450 (4.0/8.9),0.694 (0.3/0.5),2.7,11,5.8,3.1,1,0.6,1.1,0.41
106,,Grayson Allen,PG/SG,PHO,60,28.4,0.442 (4.4/10.0),0.850 (1.8/2.1),2.8,13.4,3.9,2.9,1,0.5,1.3,0.4
107,96.6,Brandon Miller,SG/SF,CHA,50,32.8,0.428 (6.6/15.4),0.837 (2.1/2.5),2.8,18.1,4.4,2.7,0.9,0.6,2,0.38
108,121.7,Donovan Clingan,C,POR,70,25.8,0.513 (3.5/6.7),0.647 (1.3/2.1),0.9,9.2,9.5,1.5,0.7,1.7,1.4,0.23
R#,ADP,PLAYER,POS,TEAM,GP,MPG,FG%,FT%,3PM,PTS,TREB,AST,STL,BLK,TO,TOTAL
109,65.7,Jordan Poole,PG/SG,NO,52,28,0.414 (5.8/14.0),0.879 (2.8/3.1),2.7,17,2.6,4.1,1.1,0.3,2.5,0.21
110,136.3,Jabari Smith Jr.,PF/C,HOU,67,31.4,0.441 (5.3/11.9),0.833 (1.9/2.3),2.1,14.5,7.4,1.3,0.8,0.7,1.1,0.2
111,87.5,Norman Powell,SG/SF,MIA,68,30.3,0.480 (6.5/13.6),0.811 (2.8/3.5),2.8,18.7,3.3,1.7,0.9,0.3,1.4,0.19
112,100.2,John Collins,PF/C,LAC,70,26.2,0.529 (5.5/10.3),0.791 (2.2/2.8),1.2,14.3,7.2,1.3,0.6,0.8,1.6,0.15
113,84.4,Rudy Gobert,C,MIN,74,30.6,0.664 (4.3/6.5),0.654 (2.5/3.8),0,11.2,9.5,1.3,0.6,1.4,1.2,0.15
114,139.5,Neemias Queta,C,BOS,68,25.2,0.625 (4.0/6.4),0.741 (1.4/1.9),0,9.4,7.6,1.4,0.7,1.3,1.1,0.06
115,82,Andrew Wiggins,SF/PF,MIA,68,30.9,0.456 (6.3/13.7),0.757 (2.9/3.8),2.1,17.5,5.1,2.9,0.9,0.8,1.6,0.05
116,138.6,P.J. Washington,PF,DAL,65,30.5,0.467 (5.4/11.6),0.703 (1.9/2.7),1.8,14.5,6.7,2.1,1.1,0.9,1.7,0.01
117,121.3,Matas Buzelis,SF/PF,CHI,78,30.2,0.470 (5.9/12.6),0.824 (2.1/2.5),1.9,15.8,4.9,1.7,0.7,0.9,2.1,-0.01
118,139.9,Dejounte Murray,PG/SG,NO,31,28.2,0.435 (6.1/14.1),0.802 (2.2/2.8),1.6,16.1,4.4,5.3,1.3,0.3,2.2,-0.03
119,140,Josh Minott,SF,BOS,60,30.4,0.479 (4.5/9.3),0.834 (2.0/2.4),1.3,12.2,5.1,1.9,1.5,0.3,1,-0.08
120,111.1,Bennedict Mathurin,SG/SF,IND,59,32,0.453 (6.2/13.7),0.829 (4.2/5.0),1.9,18.4,5.6,2.3,0.8,0.3,2.1,-0.09
R#,ADP,PLAYER,POS,TEAM,GP,MPG,FG%,FT%,3PM,PTS,TREB,AST,STL,BLK,TO,TOTAL
121,133.5,Keegan Murray,SF/PF,SAC,59,34,0.449 (5.0/11.2),0.843 (1.0/1.2),2.1,13.2,5.8,1.5,0.9,0.8,0.8,-0.13
122,120,Jalen Suggs,PG/SG,ORL,65,26.8,0.446 (4.6/10.4),0.813 (1.9/2.3),2,13.1,3.2,3.1,1.3,0.7,2,-0.13
123,100.5,Malik Monk,PG/SG/SF,SAC,68,28.8,0.442 (5.6/12.7),0.846 (2.3/2.7),2,15.5,3.2,5.1,0.7,0.5,2.2,-0.13
124,,Tre Jones,PG,CHI,61,26.2,0.514 (3.9/7.6),0.844 (1.4/1.7),0.9,10.1,3.7,6.6,1,0.2,1.4,-0.14
125,131.9,Dylan Harper,PG/SG,SA,45,27.7,0.469 (5.0/10.7),0.806 (3.0/3.7),1.4,14.4,3.2,4.1,1.2,0.4,1.8,-0.17
126,122.8,T.J. McConnell,PG,IND,54,22.1,0.537 (5.4/10.0),0.757 (0.9/1.2),0.3,11.9,3.2,6.1,1.3,0.2,1.8,-0.23
127,94.6,Naz Reid,PF/C,MIN,80,26.2,0.465 (5.1/11.0),0.754 (1.4/1.8),2.2,13.8,5.7,1.8,0.8,0.9,1.4,-0.23
128,127,Daniel Gafford,C,DAL,60,22,0.677 (4.2/6.2),0.684 (1.7/2.5),0,10.1,6.6,1.3,0.6,1.5,0.9,-0.27
129,103.1,Reed Sheppard,SG,HOU,68,27.6,0.420 (3.7/8.8),0.821 (1.2/1.4),1.9,10.5,2.8,4.4,1.3,0.6,1.3,-0.39
130,,Terance Mann,SG/SF,BKN,67,28,0.496 (4.2/8.6),0.813 (1.2/1.5),1.2,10.9,4.2,3.8,1.2,0.3,0.9,-0.47
131,136.4,Collin Sexton,PG/SG,CHA,70,27.3,0.484 (6.1/12.5),0.861 (3.5/4.1),1.6,17.2,2.5,3.7,0.7,0.2,2.1,-0.49
132,,Cason Wallace,SG,OKC,72,28.5,0.482 (3.6/7.5),0.800 (0.5/0.6),1.4,9.1,3.4,2.4,1.6,0.6,0.8,-0.52
R#,ADP,PLAYER,POS,TEAM,GP,MPG,FG%,FT%,3PM,PTS,TREB,AST,STL,BLK,TO,TOTAL
133,88.2,Andrew Nembhard,PG/SG,IND,69,30.9,0.464 (4.6/10.0),0.797 (1.9/2.3),1.2,12.3,3.1,5.8,1.3,0.2,1.9,-0.57
134,97.1,Shaedon Sharpe,SG/SF,POR,70,32.2,0.447 (6.8/15.1),0.797 (2.8/3.6),2.2,18.6,4.8,3.1,0.9,0.3,2.2,-0.62
135,137.7,Brandin Podziemski,PG/SG,GS,70,30.3,0.450 (4.7/10.4),0.696 (1.0/1.5),2,12.4,5.8,4,1.2,0.2,1.4,-0.63
136,,Ayo Dosunmu,SG,CHI,65,30.4,0.498 (5.0/9.9),0.796 (1.3/1.6),1.5,12.7,3.2,3.8,1,0.5,1.5,-0.67
137,140.3,Robert Williams III,C,POR,30,17.6,0.644 (2.5/3.9),0.847 (0.8/1.0),0,5.9,5.9,1,0.8,1.5,0.9,-0.85
138 1,140.1,Jarace Walker,PF,IND,54,28.1,0.459 (4.1/9.0),0.685 (1.0/1.5),1.9,11.1,5.6,2.9,1.1,0.7,1.8,-0.85
139 1,140,Collin Gillespie,PG,PHO,30,26.7,0.441 (3.7/8.3),0.778 (1.0/1.3),2,10.3,3.6,4.8,1.3,0.2,1.1,-0.95
140 2,,Bilal Coulibaly,SG/SF,WAS,62,33.1,0.433 (4.6/10.7),0.728 (2.2/3.1),1.2,12.7,5.3,3.6,1.3,0.8,2,-0.98
141 1,138.7,Jaden Ivey,PG/SG,DET,47,29.4,0.445 (6.2/14.0),0.745 (3.2/4.3),2.4,18,4,4.3,0.9,0.5,2.9,-1.05
142 1,134.1,Obi Toppin,PF,IND,40,25.3,0.509 (5.1/10.0),0.778 (1.3/1.7),1.7,13.1,5,2,0.7,0.6,1.1,-1.09
143,138.8,Aaron Nesmith,SF,IND,68,32,0.465 (5.3/11.3),0.831 (1.9/2.3),2.3,14.7,4.7,1.7,0.6,0.4,1.1,-1.11
144,47.7,Josh Hart,SG/SF,NY,76,28.5,0.479 (3.5/7.3),0.783 (1.3/1.6),0.8,9.1,7.1,4,1,0.3,1.4,-1.13
R#,ADP,PLAYER,POS,TEAM,GP,MPG,FG%,FT%,3PM,PTS,TREB,AST,STL,BLK,TO,TOTAL
145,107.5,D'Angelo Russell,PG/SG,DAL,67,27.1,0.431 (4.9/11.3),0.830 (1.9/2.2),2,13.6,2.6,5.1,0.8,0.4,1.8,-1.15
146,123.2,Devin Vassell,SG/SF,SA,66,31,0.423 (5.5/13.1),0.798 (1.8/2.2),2.3,15.1,3.6,3.2,1.1,0.4,1.4,-1.21
147,,Isaiah Jackson,PF/C,IND,60,23,0.566 (4.1/7.2),0.705 (2.0/2.8),0,10.1,6.8,1.4,0.7,1.4,1.1,-1.22
148,126.3,Cameron Johnson,SF/PF,DEN,65,28.6,0.448 (4.3/9.5),0.851 (1.9/2.2),2.4,12.7,3.4,2.2,0.9,0.3,1.1,-1.23
149,112.8,Aaron Gordon,PF,DEN,62,29.8,0.546 (5.3/9.8),0.719 (2.6/3.6),0.9,14.2,5.8,3.4,0.6,0.5,1.4,-1.34
150,139.6,Jerami Grant,PF,POR,50,30,0.449 (4.9/10.8),0.830 (3.2/3.9),1.8,14.7,3.4,2.1,0.7,0.7,1.5,-1.37
151,140.1,Jake LaRavia,PF,LAL,58,25.7,0.474 (3.7/7.7),0.752 (2.2/2.9),1.5,11,4.6,2.8,1.2,0.5,1.7,-1.41
152,,Jaime Jaquez Jr.,SG/SF,MIA,60,26.2,0.478 (4.8/10.0),0.788 (2.2/2.7),0.9,12.6,5,3.1,1.2,0.3,1.8,-1.42
153,76.5,Jakob Poeltl,C,TOR,58,26.5,0.601 (4.5/7.4),0.622 (1.2/1.9),0,10.1,7.4,2.2,0.8,1,1.5,-1.43
154,140.3,Rui Hachimura,SF/PF,LAL,65,31.3,0.520 (5.7/11.0),0.753 (1.5/2.0),1.6,14.6,4.7,1.3,0.7,0.4,0.8,-1.48
155,140,Al Horford,PF/C,GS,60,25.2,0.464 (3.1/6.6),0.882 (0.5/0.5),1.7,8.2,5.9,2.2,0.6,0.9,0.7,-1.48
156,126.3,Bobby Portis,PF,MIL,65,21.9,0.491 (5.1/10.4),0.815 (1.1/1.4),1.1,12.4,7,1.4,0.7,0.4,1,-1.57
R#,ADP,PLAYER,POS,TEAM,GP,MPG,FG%,FT%,3PM,PTS,TREB,AST,STL,BLK,TO,TOTAL
157,,Max Christie,SG,DAL,72,29.7,0.480 (4.9/10.2),0.835 (1.9/2.3),2.5,14.2,2.6,2.4,0.5,0.4,1.1,-1.57
158,,Scoot Henderson,PG,POR,50,29.8,0.428 (5.0/11.7),0.793 (2.8/3.5),1.7,14.4,3.3,5.7,1.1,0.2,3.3,-1.6
159,133.9,De'Andre Hunter,SF/PF,CLE,68,28.3,0.464 (5.1/10.9),0.846 (2.9/3.5),2.1,15.2,3.7,1.4,0.7,0.2,1.3,-1.64
160,75.7,Kevin Porter Jr.,PG/SG,MIL,75,27.8,0.449 (4.9/10.9),0.770 (2.2/2.8),0.9,12.9,4.6,4.3,1.4,0.2,2.3,-1.65
161,140.2,Taylor Hendricks,PF,UTA,58,26.2,0.450 (3.2/7.1),0.803 (1.0/1.2),1.5,8.9,5.5,0.9,0.9,0.9,0.8,-1.66
162,,Sam Hauser,SF,BOS,72,27.8,0.448 (4.0/8.8),0.923 (0.2/0.3),3.1,11.3,4.3,1.3,0.7,0.3,0.5,-1.71
163 1,138.9,Quentin Grimes,SG,PHI,70,28,0.441 (4.8/10.9),0.755 (1.9/2.5),2.3,13.7,4,2.8,1,0.3,1.6,-1.83
164 1,,Mitchell Robinson,C,NY,56,20.9,0.602 (2.3/3.8),0.641 (0.8/1.3),0,5.5,7.6,0.7,1.1,1.1,0.7,-1.84
165 1,140.3,Adem Bona,C,PHI,64,18.6,0.688 (3.3/4.8),0.695 (1.6/2.4),0,8.2,6,0.7,0.6,1.4,1.5,-1.85
166 1,90.4,CJ McCollum,PG/SG,WAS,60,26.3,0.441 (5.7/13.0),0.764 (1.5/2.0),2.2,15.1,3.1,4.2,0.7,0.4,1.4,-1.91
167 1,116.3,Santi Aldama,SF/PF/C,MEM,68,24.4,0.472 (4.2/8.9),0.712 (0.9/1.3),1.7,11.1,5.6,2.4,0.7,0.6,1,-1.92
168 1,,Kentavious Caldwell-Pope,SG/SF,MEM,72,28.6,0.450 (3.1/7.0),0.883 (1.1/1.3),1.8,9.2,2.2,2,1.2,0.5,0.9,-1.93
R#,ADP,PLAYER,POS,TEAM,GP,MPG,FG%,FT%,3PM,PTS,TREB,AST,STL,BLK,TO,TOTAL
169 1,,Isaiah Stewart,PF/C,DET,70,21.4,0.518 (2.8/5.4),0.754 (1.0/1.3),1,7.6,5.5,1.5,0.4,1.4,1,-1.97
170 1,84.5,Anfernee Simons,PG/SG,BOS,68,27.1,0.441 (5.3/12.0),0.885 (2.0/2.3),2.7,15.3,2.2,3.4,0.5,0.1,1.6,-2.01
171 1,138.8,Luguentz Dort,SG/SF,OKC,70,28.8,0.437 (3.7/8.4),0.758 (0.9/1.2),2.2,10.5,3.9,1.5,1,0.6,0.8,-2.05
172 9,,RayJ Dennis,,IND,40,24.4,0.423 (3.9/9.2),0.767 (0.7/0.9),1.6,10.1,3.2,3.7,1.2,0.7,1.8,-2.08
173,139.5,Lonzo Ball,PG,CLE,55,23.2,0.366 (2.7/7.3),0.815 (0.7/0.8),2,8,3.6,4.9,1.1,0.4,1.2,-2.15
174,136.1,Scotty Pippen Jr.,PG/SG,MEM,60,20.2,0.482 (3.6/7.4),0.722 (1.5/2.1),1.1,9.7,3,4.1,1.3,0.4,1.8,-2.25
175,,Jaylen Wells,SG,MEM,74,28.2,0.438 (4.3/9.7),0.823 (1.6/2.0),2,12.2,3.9,2,1,0.2,1,-2.26
176,139.3,Alex Caruso,PG/SG,OKC,54,19.3,0.460 (2.5/5.4),0.785 (0.7/0.9),1.2,6.9,2.7,2.4,1.3,0.6,0.9,-2.26
177,140.1,Noah Clowney,PF,BKN,55,28.4,0.431 (4.1/9.5),0.816 (1.8/2.2),2,11.9,5.2,1.1,0.6,0.7,1.2,-2.27
178,140.3,Moussa Diabaté,PF/C,CHA,70,24.2,0.617 (3.4/5.6),0.620 (1.5/2.3),0,8.3,8.7,1.1,0.7,1.1,1.2,-2.28
179,140.4,Davion Mitchell,PG,MIA,73,28.3,0.458 (4.0/8.8),0.716 (1.0/1.4),1.1,10.1,3.1,6.3,1,0.2,2,-2.28
180,128.8,Ty Jerome,PG,MEM,60,20.7,0.494 (4.0/8.1),0.876 (1.6/1.9),1.4,11.1,2.2,3,1,0,1.2,-2.32
R#,ADP,PLAYER,POS,TEAM,GP,MPG,FG%,FT%,3PM,PTS,TREB,AST,STL,BLK,TO,TOTAL
181,,Gary Trent Jr.,SG,MIL,72,26.8,0.418 (4.6/10.9),0.832 (1.1/1.4),2.6,12.9,2.6,2.3,1.1,0.1,0.7,-2.33
182,,Cole Anthony,PG,MIL,70,20.4,0.430 (4.1/9.5),0.825 (2.0/2.4),1.2,11.4,3.7,3.8,0.8,0.5,1.7,-2.34
183,,Kyle Filipowski,PF,UTA,72,26.1,0.502 (4.5/9.0),0.649 (1.6/2.5),1.3,12,7.6,2.4,0.8,0.4,1.8,-2.34
184,,Jeremiah Fears,PG/SG,NO,67,28.1,0.442 (5.4/12.3),0.798 (2.1/2.6),1.3,14.2,3.3,4.1,1.2,0.1,2.7,-2.34
185,,Tre Johnson,SG,WAS,69,30,0.452 (5.5/12.3),0.819 (2.3/2.8),2.2,15.6,2.7,2,0.7,0.3,1.3,-2.36
186,110.4,Russell Westbrook,PG,SAC,68,29.2,0.449 (5.6/12.5),0.683 (2.3/3.3),1.2,14.6,6.1,5.1,1.2,0.2,3.3,-2.37
187,,Anthony Black,PG/SG,ORL,72,27.5,0.450 (3.6/8.0),0.761 (1.9/2.5),1,10.1,3.6,3.2,1.2,0.7,1.9,-2.42
188,,Wendell Carter Jr.,C,ORL,67,27.7,0.472 (3.8/8.0),0.717 (2.0/2.8),0.9,10.5,7.8,2.1,0.8,0.6,1.3,-2.46
189,139.2,Brook Lopez,C,LAC,72,20.2,0.496 (3.1/6.3),0.821 (0.9/1.1),1.2,8.4,3.3,1.1,0.4,1.4,0.7,-2.47
190,139.7,Yves Missi,C,NO,73,26.8,0.546 (3.7/6.8),0.624 (1.8/2.8),0,9.2,8.3,1.4,0.5,1.4,1.1,-2.56
191,,Brice Sensabaugh,SF,UTA,70,24.2,0.440 (4.4/9.9),0.899 (1.2/1.4),2.3,12.3,3.8,2,0.7,0.2,1.9,-2.59
192,,Duncan Robinson,SF,DET,71,26,0.444 (4.2/9.6),0.892 (0.9/1.0),2.7,12.1,2.4,2.6,0.6,0.2,1.3,-2.71
R#,ADP,PLAYER,POS,TEAM,GP,MPG,FG%,FT%,3PM,PTS,TREB,AST,STL,BLK,TO,TOTAL
193,,Mike Conley,PG,MIN,68,22.9,0.427 (2.7/6.3),0.895 (1.0/1.1),1.7,8.1,2.3,4.1,0.9,0.2,1,-2.74
194,81.3,RJ Barrett,SG/SF/PF,TOR,58,32,0.467 (7.1/15.2),0.657 (3.2/4.9),1.6,19.1,5.4,3.8,0.6,0.3,2.4,-2.75
195 2,,Keon Ellis,SG,SAC,72,20.2,0.481 (2.3/4.8),0.819 (0.7/0.8),1.4,6.7,2.3,1.4,1.2,0.6,0.7,-2.81
196 2,139.1,Aaron Wiggins,SG,OKC,72,23,0.485 (4.2/8.8),0.808 (1.0/1.2),1.5,11,3.6,1.6,0.9,0.3,0.9,-2.82
197 2,140.3,Moritz Wagner,C,ORL,55,18.2,0.591 (4.4/7.4),0.781 (2.3/2.9),0.6,11.7,4.6,1.3,0.6,0.3,1.4,-2.9
198 2,103.4,Stephon Castle,PG/SG,SA,76,29.2,0.435 (5.8/13.3),0.734 (3.4/4.6),1.3,16.2,4.1,4.5,1,0.3,2.4,-2.9
199 2,140.3,Marcus Smart,PG/SG,LAL,58,25.1,0.411 (3.7/8.9),0.761 (1.8/2.3),1.7,10.7,2.3,3.5,1.5,0.3,2.1,-2.9
200 2,,Dillon Brooks,SG/SF,PHO,73,31.4,0.429 (4.9/11.4),0.832 (1.5/1.8),2.2,13.5,3.6,1.7,0.9,0.2,1.1,-2.91
201 3,140,Xavier Tillman Sr.,PF/C,BOS,62,19.5,0.447 (3.0/6.8),0.688 (0.9/1.3),0.6,7.5,5.8,1.9,1.1,0.8,1.1,-2.97
202 4,135.8,Dennis Schröder,PG,SAC,70,25.6,0.422 (4.1/9.7),0.835 (2.0/2.4),1.6,11.7,2.4,4.9,0.7,0.2,1.6,-3
203 4,129.3,Chris Paul,PG,LAC,68,20.2,0.432 (2.4/5.6),0.895 (0.7/0.8),1.2,6.6,2.8,5.3,0.9,0.2,1.1,-3.02
204 4,140,Ajay Mitchell,PG,OKC,64,24,0.466 (4.0/8.6),0.831 (1.3/1.5),1,10.3,3,2.8,1.1,0.2,1.3,-3.07
R#,ADP,PLAYER,POS,TEAM,GP,MPG,FG%,FT%,3PM,PTS,TREB,AST,STL,BLK,TO,TOTAL
205 5,140.1,Jay Huff,C,IND,68,20.1,0.531 (3.3/6.3),0.793 (0.9/1.2),1.2,8.8,3.8,0.8,0.4,1,0.8,-3.12
206 5,140,Brandon Williams,PG,DAL,60,27.7,0.477 (5.0/10.4),0.713 (1.8/2.5),1,12.7,3,3.9,1.1,0.3,1.9,-3.13
207 6,140,Trendon Watford,PF,PHI,53,21.4,0.496 (3.9/7.9),0.776 (2.0/2.6),0.7,10.6,4.4,3.8,0.6,0.4,1.8,-3.15
208 6,140.2,Miles McBride,PG,NY,66,25.2,0.429 (3.9/9.1),0.845 (0.8/1.0),1.9,10.6,2.2,2.6,1,0.2,0.6,-3.16
209 7,140,Sion James,SG/SF,CHA,60,25.4,0.468 (3.2/6.8),0.838 (1.3/1.6),1.3,9,1.7,2.4,0.9,0.5,1.2,-3.24
210 7,139.2,Jonathan Kuminga,PF,GS,60,25.3,0.500 (5.9/11.8),0.712 (3.1/4.4),0.8,15.8,4.7,2.2,0.8,0.5,1.6,-3.26
211 7,119.8,Ace Bailey,SF/PF,UTA,68,29.9,0.454 (4.9/10.8),0.718 (1.7/2.3),1.2,12.7,4.8,1.4,0.7,0.9,1.3,-3.27
212 7,140.2,Ziaire Williams,SF,BKN,67,25.4,0.405 (3.6/8.9),0.822 (1.6/2.0),1.6,10.5,4.6,1.6,1,0.4,1.3,-3.3
213 7,140,Sam Merrill,SG,CLE,70,23.1,0.409 (3.3/8.0),0.946 (0.5/0.6),2.7,9.8,2.7,2.1,0.7,0.2,0.5,-3.3
214 18,140,Quenton Jackson,PG/SG,IND,40,22.6,0.472 (3.6/7.6),0.785 (2.0/2.6),0.9,10.2,3,3.4,1,0.3,1,-3.34
215 7,,Kevin Huerter,SG/SF,CHI,66,24.4,0.434 (3.8/8.9),0.740 (0.5/0.7),1.9,10.2,3.3,2.5,0.8,0.4,0.9,-3.36
216 7,,Harrison Barnes,PF,SA,74,27.1,0.490 (4.1/8.4),0.808 (1.9/2.3),1.8,11.9,3.3,1.4,0.6,0.2,0.6,-3.41
R#,ADP,PLAYER,POS,TEAM,GP,MPG,FG%,FT%,3PM,PTS,TREB,AST,STL,BLK,TO,TOTAL
217 7,140.1,Tristan Da Silva,SF,ORL,70,24,0.455 (3.4/7.5),0.871 (1.5/1.7),1.7,10,3.8,1.8,0.5,0.3,0.9,-3.43
218 7,140.4,Ryan Dunn,SF,PHO,72,24.4,0.432 (3.9/8.9),0.507 (0.4/0.7),1.6,9.7,5.2,1.1,0.9,0.7,0.8,-3.45
219 7,138,Carlton Carrington,PG/SG,WAS,74,27.4,0.395 (3.6/9.1),0.806 (1.0/1.2),1.6,9.8,3.9,4.5,0.7,0.3,1.6,-3.51
220 7,140,Walter Clayton Jr.,PG/SG,UTA,69,25.4,0.441 (3.5/8.0),0.855 (1.9/2.2),1.7,10.6,2.2,2.5,0.7,0.3,1.4,-3.51
221 18,140.4,Matisse Thybulle,SG/SF,POR,40,20.8,0.414 (2.0/4.7),0.667 (0.3/0.5),1.2,5.4,2.2,1.4,1.7,0.7,0.6,-3.53
222 6,140.2,AJ Green,SG,MIL,64,27.2,0.428 (3.4/8.0),0.833 (0.5/0.6),2.9,10.2,3.1,1.8,0.6,0.1,0.7,-3.55
223 18,140,Jock Landale,C,MEM,49,26.5,0.523 (3.6/6.9),0.752 (1.5/2.0),0.4,9.1,4.9,2,0.6,0.8,1,-3.59
224 6,,Kris Dunn,PG,LAC,70,20.5,0.452 (2.3/5.0),0.667 (0.2/0.4),0.8,5.5,2.9,3.1,1.3,0.4,1,-3.61
225 6,140.1,Zach Collins,PF/C,CHI,60,18.7,0.491 (3.4/6.9),0.796 (1.4/1.8),0.7,8.9,5,2.3,0.5,0.6,1.5,-3.61
226 6,140.1,Derrick Jones Jr.,SF,LAC,76,25.9,0.506 (3.8/7.5),0.705 (1.2/1.8),1.1,9.9,3.6,0.9,0.9,0.6,0.9,-3.62
227 6,133.2,Cam Whitmore,SF,WAS,58,20,0.450 (4.6/10.3),0.706 (1.5/2.2),2,12.8,4.9,1.1,0.7,0.4,1.1,-3.65
228 6,136.4,Buddy Hield,SG/SF,GS,80,20.2,0.427 (3.7/8.6),0.859 (0.6/0.6),2.2,10.1,2.8,1.9,0.7,0.3,1,-3.66
R#,ADP,PLAYER,POS,TEAM,GP,MPG,FG%,FT%,3PM,PTS,TREB,AST,STL,BLK,TO,TOTAL
229 6,,Derik Queen,C,NO,58,26.8,0.476 (4.2/8.7),0.753 (3.3/4.4),0.2,11.8,6.4,1.4,0.7,0.8,1.7,-3.68
230 6,140.4,Taurean Prince,SF,MIL,74,27,0.449 (3.1/6.9),0.770 (0.6/0.7),1.8,8.6,3.3,1.8,0.9,0.3,1,-3.69
231 7,,Keldon Johnson,SF/PF,SA,70,22.7,0.467 (4.5/9.7),0.784 (1.9/2.5),1.3,12.2,4.4,1.9,0.6,0.3,1.1,-3.74
232 23,,Khris Middleton,SF,WAS,40,23,0.473 (4.3/9.0),0.845 (1.6/1.9),1.1,11.2,3.2,3.4,0.7,0.2,1.4,-3.74
233 21,140.3,Max Strus,SG/SF,CLE,40,25.1,0.427 (3.4/7.9),0.809 (0.8/0.9),2,9.5,4,3.2,0.7,0.3,1.2,-3.76
234 5,,Jeremy Sochan,PF,SA,64,25,0.473 (4.0/8.5),0.711 (1.4/1.9),0.7,10.1,5.6,2.6,0.7,0.5,1.5,-3.79
235 6,140.1,Luke Kennard,SG,ATL,52,21.1,0.466 (3.0/6.4),0.897 (0.8/0.9),1.9,8.6,2.5,3,0.6,0.1,1.1,-3.8
236 6,140.1,Moses Moody,SG/SF,GS,70,22.2,0.441 (3.5/7.9),0.793 (1.4/1.8),1.7,10.1,3.1,1.2,0.8,0.4,0.8,-3.83
237 22,139,Jared McCain,SG,PHI,49,25.4,0.459 (5.0/10.8),0.877 (1.9/2.2),2,13.8,2.2,2.4,0.6,0,1.5,-3.83
238 43,139.9,Fred VanVleet,PG,HOU,10,30,0.384 (3.4/8.8),0.825 (1.4/1.7),1.9,10.1,2.5,4.1,1,0.4,1.1,-3.87
239 5,140.1,Jonathan Isaac,PF,ORL,65,15.6,0.459 (2.2/4.8),0.698 (1.0/1.5),0.6,6.1,4.5,0.6,0.8,1.2,0.5,-3.89
240 5,,Jonas Valanciunas,C,DEN,74,15.1,0.555 (3.3/6.0),0.823 (1.4/1.6),0.2,8.2,6,1.5,0.3,0.5,1,-3.95
R#,ADP,PLAYER,POS,TEAM,GP,MPG,FG%,FT%,3PM,PTS,TREB,AST,STL,BLK,TO,TOTAL
241 5,,Goga Bitadze,C,ORL,66,16.2,0.606 (2.3/3.8),0.642 (1.0/1.5),0,5.6,5.1,1.5,0.6,1.2,0.8,-3.96
242 6,140.3,Andre Drummond,C,PHI,62,17.9,0.537 (3.3/6.1),0.600 (1.6/2.7),0,8.2,8.8,0.6,1,0.6,1.2,-3.97
243 7,140,Day'Ron Sharpe,C,BKN,55,16.6,0.545 (3.1/5.6),0.663 (1.2/1.8),0.1,7.5,6.6,1.6,0.6,0.8,1.2,-4.01
244 23,140,Dru Smith,PG,MIA,30,17.9,0.459 (2.0/4.3),0.794 (0.5/0.7),1.1,5.6,2.3,2.3,1.4,0.4,1,-4.03
245 6,,Naji Marshall,SF/PF,DAL,67,23.4,0.446 (3.6/8.0),0.803 (1.5/1.8),0.9,9.5,4.2,2.5,0.9,0.2,1.3,-4.08
246 6,,Collin Murray-Boyles,PF,TOR,70,25.8,0.485 (3.7/7.6),0.712 (2.5/3.5),0.2,10,4.8,1.5,1,0.8,1.5,-4.1
247 6,138.6,Zaccharie Risacher,SF,ATL,72,25.6,0.453 (4.8/10.5),0.721 (1.4/2.0),1.6,12.6,3.6,1.2,0.7,0.5,1.2,-4.11
248 6,,Nick Richards,C,PHO,60,18.8,0.644 (2.9/4.6),0.742 (1.6/2.1),0,7.4,6.3,0.7,0.3,0.8,1,-4.11
249 8,140,Chimezie Metu,PF/C,FA,51,16.8,0.504 (2.4/4.8),0.913 (1.2/1.3),0.6,6.6,3.8,0.9,0.9,0.3,1,-4.29
250 8,140.4,Peyton Watson,SF/PF,DEN,70,21.5,0.470 (2.8/6.0),0.685 (1.2/1.7),0.6,7.5,3.4,1.2,0.6,1.3,0.8,-4.29
251 22,140,Justin Champagnie,SF,WAS,38,18.6,0.496 (2.9/5.8),0.705 (0.7/1.1),1,7.6,4.8,0.9,0.9,0.6,0.8,-4.3
252 7,,Nikola Jovic,PF,MIA,57,22.4,0.434 (3.0/6.9),0.782 (1.1/1.4),1.5,8.7,3.9,2.3,0.7,0.3,1.1,-4.31
R#,ADP,PLAYER,POS,TEAM,GP,MPG,FG%,FT%,3PM,PTS,TREB,AST,STL,BLK,TO,TOTAL
253 7,140,Tyrese Martin,SF,BKN,65,25.4,0.414 (3.8/9.2),0.756 (0.9/1.2),1.9,10.4,4.3,2.4,0.7,0.2,1.5,-4.38
254 7,126.6,Egor Demin,,BKN,68,28.1,0.419 (3.5/8.3),0.681 (1.3/1.9),1.1,9.4,3,5.1,0.9,0.3,2.2,-4.41
255 7,,Tim Hardaway Jr.,SG/SF,DEN,74,24.4,0.422 (3.7/8.8),0.856 (1.6/1.8),2.4,11.4,2.5,1.5,0.5,0.1,0.7,-4.41
256 8,140.1,Precious Achiuwa,PF/C,FA,65,21.2,0.502 (3.1/6.1),0.604 (0.8/1.4),0.3,7.2,6.2,1.2,0.7,0.8,1,-4.47
257 20,140.2,Brandon Clarke,PF/C,MEM,40,18.2,0.613 (3.7/6.0),0.661 (0.8/1.3),0,8.2,4.9,1,0.8,0.6,0.6,-4.48
258 18,140,Vít Krejcí,PG,ATL,39,22.4,0.495 (2.6/5.3),0.721 (0.5/0.7),1.6,7.3,2.8,2.6,0.7,0.4,0.9,-4.55
259 6,140.1,Tristan Vukcevic,PF/C,WAS,52,15,0.482 (3.4/7.0),0.773 (1.6/2.0),1.1,9.4,3.8,1.2,0.4,0.7,1.2,-4.59
260 7,140,Haywood Highsmith,SF,BKN,58,20.6,0.461 (2.4/5.2),0.684 (0.4/0.6),1.2,6.3,3.3,1.3,0.9,0.5,0.6,-4.61
261 7,133.3,Kyle Kuzma,SF/PF,MIL,65,28,0.432 (5.4/12.4),0.709 (1.8/2.5),1.7,14.2,5,2.6,0.4,0.4,1.9,-4.62
262 19,,Saddiq Bey,SF/PF,NO,40,26,0.425 (3.8/8.9),0.838 (2.2/2.6),1.4,11.2,5.2,1.2,0.7,0.1,0.7,-4.62
263 6,140,Ben Sheppard,SG,IND,65,24.9,0.405 (2.6/6.4),0.892 (0.6/0.7),1.5,7.3,3.3,1.7,0.9,0.2,0.5,-4.67
264 7,135.6,Isaiah Collier,PG,UTA,61,26.8,0.421 (3.3/7.9),0.682 (1.5/2.2),0.6,8.8,3.4,6.4,0.9,0.2,3,-4.73
R#,ADP,PLAYER,POS,TEAM,GP,MPG,FG%,FT%,3PM,PTS,TREB,AST,STL,BLK,TO,TOTAL
265 7,140,Vince Williams Jr.,PG/SG,MEM,55,19.6,0.431 (2.4/5.6),0.797 (1.3/1.6),1.1,7.2,4,2.4,0.6,0.4,1.3,-4.74
266 19,140.1,Cody Martin,SG,FA,40,24.5,0.403 (2.8/6.9),0.669 (0.8/1.2),0.9,7.3,4.3,2.7,1.1,0.6,1.2,-4.75
267 7,126,Klay Thompson,SG/SF,DAL,74,22.5,0.399 (4.1/10.3),0.926 (1.0/1.1),2,11.3,2.6,1.7,0.5,0.3,1.1,-4.76
268 7,,Jordan Clarkson,SG/SF,NY,58,20.3,0.425 (4.1/9.7),0.844 (2.2/2.6),1.3,11.8,2.3,3.2,0.5,0.1,1.8,-4.76
269 20,139.9,Ben Simmons,PG/PF,FA,33,20.9,0.534 (2.2/4.1),0.621 (0.4/0.7),0,4.8,4.9,5.1,0.7,0.4,1.8,-4.77
270 7,140.4,Bruce Brown,SG/SF,DEN,64,22.2,0.459 (3.3/7.1),0.818 (1.4/1.7),0.6,8.5,3.6,2.2,0.7,0.2,1,-4.83
271 7,140.4,Isaiah Joe,SG,OKC,68,18.2,0.449 (2.9/6.5),0.846 (0.6/0.7),2.1,8.4,2.3,1.3,0.6,0.2,0.5,-4.83
272 9,140.1,Patrick Williams,PF,CHI,58,23.2,0.416 (3.1/7.5),0.748 (1.0/1.3),1.3,8.5,3.4,1.6,0.8,0.6,1.2,-4.87
273 9,140,Marcus Sasser,PG,DET,64,18.6,0.440 (3.1/7.0),0.863 (0.9/1.0),1.3,8.4,1.7,3.2,0.7,0.1,1.3,-4.88
274 9,140.4,Kelly Olynyk,PF/C,SA,61,14.4,0.536 (2.3/4.2),0.810 (1.3/1.6),0.5,6.3,3.4,2.6,0.6,0.3,1.3,-4.88
275 9,133.7,Bradley Beal,SG/SF,LAC,58,22,0.451 (4.0/8.9),0.752 (1.2/1.6),1.2,10.5,2.4,2.7,0.7,0.3,1.4,-4.88
276 21,140,Dominick Barlow,PF/C,PHI,30,23.7,0.512 (3.0/5.9),0.732 (1.3/1.8),0.3,7.6,5.2,1.4,0.5,0.8,0.4,-4.97
R#,ADP,PLAYER,POS,TEAM,GP,MPG,FG%,FT%,3PM,PTS,TREB,AST,STL,BLK,TO,TOTAL
277 10,,Julian Champagnie,SF,SA,68,18.7,0.411 (2.4/5.9),0.864 (0.9/1.0),1.6,7.3,2.9,1.2,0.6,0.4,0.7,-5
278 11,140,Gary Payton II,SG,GS,63,15.2,0.570 (2.6/4.6),0.672 (0.4/0.6),0.5,6.1,2.9,1.3,0.9,0.3,0.6,-5.03
279 11,140.2,Kevon Looney,C,NO,55,18.6,0.550 (2.2/4.0),0.620 (0.9/1.4),0,5.3,6.9,2,0.6,0.5,0.7,-5.05
280 13,140.1,Mouhamed Gueye,PF,ATL,58,14.1,0.412 (1.9/4.6),0.770 (0.9/1.1),0.6,5.2,3.8,0.7,0.8,0.9,0.4,-5.08
281 15,140,Jordan Goodwin,PG/SG,PHO,60,18.6,0.388 (2.4/6.2),0.756 (0.6/0.8),0.8,6.2,4.3,2.3,0.9,0.3,1,-5.2
282 15,,Caris LeVert,SG/SF,DET,66,20.2,0.416 (3.1/7.5),0.736 (1.4/1.9),1.2,8.8,2.6,3,0.7,0.4,1,-5.24
283 15,140,Dean Wade,PF,CLE,60,20.9,0.413 (1.9/4.5),0.640 (0.3/0.5),1.4,5.5,4.2,1.1,0.7,0.4,0.4,-5.26
284 15,140,Amir Coffey,SG,MIL,71,22.6,0.471 (2.9/6.1),0.880 (1.3/1.4),1.2,8.3,2.2,1.1,0.6,0.2,0.6,-5.26
285 15,140.5,Khaman Maluach,C,PHO,60,20.2,0.588 (2.5/4.3),0.721 (1.0/1.4),0.1,6.1,5,0.4,0.1,0.9,0.6,-5.31
286 23,140,Will Richard,SG/PF,GS,30,16.1,0.512 (2.0/3.9),0.800 (0.8/1.0),0.8,5.6,2.6,1.8,1.3,0,0.8,-5.35
287 14,140,Paul Reed,PF/C,DET,58,12.6,0.532 (2.1/3.9),0.725 (0.6/0.8),0.2,4.9,3.8,1,0.7,0.7,0.6,-5.36
288 14,140.1,Isaac Okoro,SG/SF,CHI,62,23,0.481 (2.8/5.9),0.690 (1.0/1.5),1.1,7.8,2.7,1.6,0.7,0.4,0.6,-5.37
R#,ADP,PLAYER,POS,TEAM,GP,MPG,FG%,FT%,3PM,PTS,TREB,AST,STL,BLK,TO,TOTAL
289 16,140.2,Jonathan Mogbo,PF,TOR,60,18.4,0.437 (2.3/5.2),0.731 (0.9/1.2),0.3,5.6,4.5,2.1,0.8,0.5,1,-5.46
290 24,140,Lonnie Walker IV,SG,FA,39,20.6,0.421 (4.2/9.9),0.774 (1.0/1.2),2.1,11.4,2.7,1.7,0.6,0.4,1.1,-5.53
291 17,140.2,Ron Holland II,SF,DET,74,20.1,0.474 (3.2/6.6),0.758 (1.5/1.9),0.6,8.3,3.5,1.3,0.8,0.3,1.2,-5.6
292 19,139.6,Hansen Yang,C,POR,65,18.4,0.495 (2.6/5.2),0.682 (1.3/1.9),0.2,6.6,4.1,2.2,0.4,0.9,1.3,-5.63
293 19,140.1,Jarred Vanderbilt,PF,LAL,58,18.1,0.503 (1.9/3.7),0.611 (0.7/1.1),0.3,4.7,5,1.2,1.1,0.2,0.9,-5.64
294 24,140,Isaiah Livers,PF,PHO,30,13,0.333 (1.0/3.0),1.000 (1.0/1.0),1,4,0.5,0,1,1,0,-5.65
295 18,140.1,Jalen Smith,PF/C,CHI,50,12.1,0.529 (2.6/4.9),0.752 (0.9/1.2),0.8,6.8,4.2,0.8,0.2,0.5,0.5,-5.66
296 18,,Jose Alvarado,PG,NO,56,17,0.378 (2.4/6.2),0.756 (0.7/0.9),1.4,6.7,1.9,2.7,1,0.2,0.9,-5.68
297 24,,Daniss Jenkins,,DET,30,12.6,0.567 (1.7/3.0),1.000 (0.7/0.7),0.7,4.7,0,2,1.3,0,1.3,-5.68
298 19,140.3,Corey Kispert,SG/SF,WAS,60,21,0.471 (3.5/7.5),0.770 (1.0/1.4),1.7,9.8,2.2,1.4,0.4,0.2,0.9,-5.7
299 23,140.5,Malcolm Brogdon,PG/SG,FA,31,18.1,0.438 (3.5/7.9),0.848 (1.9/2.2),1.1,9.9,2.6,3.4,0.4,0.1,1.1,-5.76
300 23,140,Alec Burks,SG,FA,57,18,0.387 (2.9/7.4),0.847 (1.6/1.9),1.9,9.2,2.4,1.3,0.5,0.2,0.7,-5.8
R#,ADP,PLAYER,POS,TEAM,GP,MPG,FG%,FT%,3PM,PTS,TREB,AST,STL,BLK,TO,TOTAL
301 23,140.1,Cameron Payne,PG/SG,NY,60,15.9,0.418 (2.6/6.2),0.889 (0.7/0.8),1.3,7.2,1.5,2.7,0.5,0.2,0.8,-5.81
302 23,140,Josh Richardson,SG/SF,FA,25,22.2,0.428 (3.0/6.9),0.942 (1.0/1.0),1.3,8.2,2.4,2.1,0.6,0.3,0.8,-5.82
303 23,140.1,Dorian Finney-Smith,SF/PF,HOU,47,27.7,0.434 (2.6/6.0),0.702 (0.4/0.6),1.6,7.2,3.6,1.2,0.7,0.4,0.7,-5.83
304 22,,Chris Boucher,PF/C,BOS,60,17.4,0.475 (2.6/5.4),0.782 (1.3/1.7),0.9,7.4,4,0.5,0.4,0.5,0.5,-5.86
305 23,,Ochai Agbaji,SG/SF,TOR,64,20.4,0.460 (2.7/5.9),0.683 (0.4/0.6),1,6.8,2.8,1.1,0.6,0.5,0.7,-5.87
306 23,140,Trey Lyles,PF,FA,63,19.8,0.431 (2.4/5.5),0.700 (0.8/1.2),1.3,6.9,4.6,1.2,0.5,0.3,0.6,-5.88
307 23,140,Julian Strawther,SF,DEN,62,20.1,0.431 (3.2/7.5),0.795 (1.0/1.3),1.4,8.8,2.1,1.4,0.6,0.2,0.8,-5.92
308 52,140,Dennis Smith Jr.,PG,FA,20,18.9,0.434 (2.7/6.1),0.743 (0.8/1.1),0.6,6.7,3,3.7,1.2,0.2,1.2,-5.92
309 24,140,Quinten Post,C,GS,42,16.3,0.448 (3.0/6.6),0.769 (0.5/0.7),1.8,8.2,3.6,1.3,0.4,0.4,0.8,-5.94
310 21,139.9,Steven Adams,C,HOU,60,17.9,0.546 (2.0/3.6),0.460 (0.9/2.0),0,4.8,8,1.4,0.5,0.6,1.2,-5.95
311 25,140.3,Tre Mann,PG/SG,CHA,37,18.3,0.450 (3.0/6.8),0.805 (0.9/1.1),1,8,2.7,2.9,0.8,0.1,1.3,-5.95
312 21,140,Christian Wood,PF,FA,50,17.4,0.466 (2.5/5.3),0.704 (1.3/1.9),0.7,7,5.1,1,0.3,0.7,1,-5.98
R#,ADP,PLAYER,POS,TEAM,GP,MPG,FG%,FT%,3PM,PTS,TREB,AST,STL,BLK,TO,TOTAL
313 21,140,Nicolas Batum,PF,LAC,69,17.5,0.445 (1.3/3.0),0.769 (0.2/0.3),1,3.9,2.8,1.3,0.6,0.5,0.5,-6
314 26,140,John Konchar,SG/SF,MEM,40,16.7,0.433 (1.3/2.9),0.844 (0.3/0.3),0.6,3.4,4,1.5,0.8,0.6,0.6,-6.02
315 24,140,Thomas Bryant,C,CLE,40,14.1,0.523 (2.4/4.6),0.866 (1.0/1.1),0.5,6.3,4,0.8,0.4,0.6,0.5,-6.07
316 24,140.1,Richaun Holmes,PF/C,FA,35,15.5,0.601 (2.5/4.1),0.786 (1.2/1.5),0,6.2,5.2,1,0.3,0.6,0.7,-6.07
317 18,139.3,Tyus Jones,PG,ORL,72,15,0.424 (2.3/5.3),0.868 (0.3/0.4),1.1,5.9,1.5,3.6,0.6,0.1,0.6,-6.09
318 18,,Clint Capela,C,HOU,55,13.6,0.565 (2.6/4.5),0.603 (0.8/1.4),0,5.9,5.6,0.7,0.4,0.7,0.5,-6.12
319 18,140,Drew Eubanks,C,SAC,67,14,0.597 (2.0/3.3),0.727 (0.9/1.2),0,4.9,4.1,0.9,0.3,0.7,0.8,-6.14
320 18,140,Talen Horton-Tucker,SG/SF,FA,54,16.1,0.420 (3.0/7.1),0.773 (1.5/1.9),1,8.4,2.1,2.4,0.6,0.3,1,-6.14
321 18,140.3,Gradey Dick,SG/SF,TOR,60,20.3,0.415 (3.2/7.7),0.856 (1.3/1.5),1.4,9.1,2.3,1.2,0.6,0.1,0.9,-6.17
322 19,140.1,Kasparas Jakucionis,PG,MIA,60,18.8,0.441 (2.1/4.8),0.840 (1.9/2.3),0.8,6.8,2.5,2.8,0.4,0.1,1.6,-6.18
323 20,140,Jordan Nwora,SF,FA,52,13.7,0.460 (2.7/5.8),0.835 (0.9/1.0),0.9,7.1,2.9,1.2,0.5,0.3,1,-6.2
324 30,140,Daniel Theis,C,FA,49,16.6,0.514 (2.2/4.3),0.798 (0.7/0.9),0.4,5.5,4.2,1.2,0.4,0.7,0.7,-6.21
R#,ADP,PLAYER,POS,TEAM,GP,MPG,FG%,FT%,3PM,PTS,TREB,AST,STL,BLK,TO,TOTAL
325 30,139.9,Jaylin Williams,C,OKC,40,14.8,0.429 (1.7/4.0),0.794 (0.5/0.6),1,4.9,4.4,2,0.4,0.5,0.6,-6.23
326 20,140.1,Trayce Jackson-Davis,PF/C,GS,60,13.2,0.643 (2.6/4.0),0.570 (0.9/1.5),0,6,4.2,1.2,0.3,0.7,0.6,-6.3
327 20,140,Cedi Osman,SF,FA,72,17.6,0.480 (2.6/5.4),0.671 (0.5/0.7),1.2,6.9,2.5,1.7,0.5,0.2,0.7,-6.37
328 20,140,Kenrich Williams,SF,OKC,70,15.7,0.477 (2.2/4.7),0.667 (0.3/0.4),0.9,5.6,3.3,1.4,0.6,0.1,0.5,-6.37
329 21,140,Carter Bryant,SF,SA,58,14.4,0.459 (1.6/3.5),0.686 (0.8/1.2),0.8,4.9,3,0.7,0.5,0.7,0.7,-6.41
330 22,140.2,Terrence Shannon Jr.,SG,MIN,60,17.6,0.482 (3.0/6.1),0.813 (0.9/1.1),0.6,7.4,2.5,1.7,0.4,0.3,0.8,-6.43
331 28,140.1,Larry Nance Jr.,PF/C,CLE,42,15.2,0.526 (2.0/3.8),0.704 (0.5/0.7),0.5,5,4,1.5,0.8,0.3,0.6,-6.44
332 21,140.3,Georges Niang,PF,UTA,70,17.5,0.456 (2.8/6.1),0.842 (0.5/0.6),1.5,7.6,2.7,1,0.3,0.2,0.8,-6.46
333 21,140,Josh Green,SG/SF,CHA,62,21.4,0.452 (2.3/5.1),0.683 (0.6/0.8),1.1,6.2,2.3,1.5,0.8,0.2,0.8,-6.46
334 21,,Jamison Battle,,TOR,50,17.7,0.430 (2.6/6.0),0.871 (0.3/0.3),1.8,7.2,2.7,0.9,0.3,0.2,0.5,-6.48
335 21,,Spencer Dinwiddie,PG/SG,CHA,52,17.6,0.405 (2.2/5.5),0.804 (1.5/1.9),1,6.9,1.7,2.9,0.5,0.2,0.8,-6.5
336 32,140.4,Bogdan Bogdanovic,SG/SF,LAC,40,16.2,0.429 (3.0/6.9),0.919 (0.9/1.0),1.5,8.3,1.9,1.7,0.6,0.2,0.8,-6.5
R#,ADP,PLAYER,POS,TEAM,GP,MPG,FG%,FT%,3PM,PTS,TREB,AST,STL,BLK,TO,TOTAL
337 20,140,Jaxson Hayes,C,LAL,60,14,0.720 (2.1/2.9),0.620 (0.8/1.3),0,4.9,3.5,0.7,0.5,0.6,0.6,-6.51
338 24,140.1,Jamal Shead,PG,TOR,72,16.9,0.404 (2.4/5.9),0.775 (0.6/0.8),0.8,6.2,1.3,3.7,0.7,0.1,1.4,-6.68
339 33,140,Keaton Wallace,PG,ATL,31,16.2,0.401 (2.1/5.3),1.000 (0.4/0.4),0.9,5.5,1.6,2.7,0.9,0.3,1.1,-6.7
340 33,140,Marvin Bagley III,PF/C,WAS,40,14.8,0.571 (3.3/5.8),0.742 (1.4/1.8),0.1,8.2,4.5,0.8,0.3,0.5,0.8,-6.72
341 22,140.3,Kyle Anderson,SF/PF,UTA,50,14.5,0.463 (1.8/3.9),0.717 (0.8/1.1),0.2,4.5,2.5,2.5,0.6,0.4,0.7,-6.73
342 33,140,Kai Jones,PF,FA,40,11.7,0.796 (2.2/2.8),0.716 (0.6/0.8),0,5,3.2,0.6,0.4,0.6,0.5,-6.73
343 21,140,Reggie Jackson,PG,FA,56,17.3,0.425 (3.0/7.1),0.800 (0.7/0.9),1,7.7,1.6,2.8,0.5,0.1,1,-6.73
344 21,,Terry Rozier,PG/SG,MIA,50,14.7,0.422 (2.8/6.6),0.862 (1.1/1.2),1,7.6,2,2,0.4,0.1,0.7,-6.74
345 22,140,Sandro Mamukelashvili,PF,TOR,50,11.5,0.492 (2.2/4.5),0.745 (0.7/0.9),0.8,5.9,3.4,1,0.3,0.3,0.5,-6.75
346 22,139.9,Johnny Furphy,SG,IND,60,14.4,0.381 (1.4/3.7),0.828 (0.7/0.9),0.6,4.1,2.8,0.8,0.7,0.4,0.5,-6.76
347 22,140,Garrison Mathews,SG/SF,ATL,56,16.3,0.423 (1.9/4.4),0.824 (0.9/1.1),1.5,6.1,1.6,0.9,0.4,0.2,0.5,-6.82
348 33,140,Dante Exum,SG,DAL,37,18.2,0.515 (2.8/5.5),0.768 (1.0/1.3),1,7.6,2.3,2.7,0.4,0.1,0.9,-6.82
R#,ADP,PLAYER,POS,TEAM,GP,MPG,FG%,FT%,3PM,PTS,TREB,AST,STL,BLK,TO,TOTAL
349 33,140,Mo Bamba,C,FA,44,13,0.482 (1.7/3.5),0.682 (0.6/0.9),0.5,4.5,4.4,0.7,0.4,1,0.7,-6.83
350 20,140,Aaron Holiday,PG,HOU,58,15.5,0.443 (2.2/5.0),0.870 (0.7/0.8),1.1,6.3,1.5,1.6,0.4,0.1,0.7,-6.85
351 33,140,Charles Bassey,C,MEM,27,10.6,0.619 (1.8/2.9),0.667 (0.5/0.7),0,4.1,4.2,0.7,0.4,0.9,0.7,-6.86
352 33,139.9,Bol Bol,PF/C,FA,39,11.8,0.565 (2.5/4.3),0.776 (0.5/0.6),0.7,6.1,3.1,0.5,0.3,0.7,0.5,-6.86
353 33,140,Javonte Green,SF,DET,38,16.1,0.464 (1.9/4.2),0.735 (0.8/1.0),0.7,5.3,3.3,0.7,0.9,0.5,0.5,-6.87
354 20,140,Gary Harris,SG,MIL,51,19.4,0.424 (1.8/4.2),0.714 (0.4/0.6),1.1,5,1.5,1.1,0.7,0.3,0.5,-6.94
355 33,,Johnny Juzang,,MIN,42,19.2,0.436 (3.0/6.9),0.823 (0.7/0.8),1.8,8.5,2.6,1.1,0.5,0.1,0.6,-6.94
356 19,140,Oso Ighodaro,PF,PHO,64,17.1,0.605 (1.9/3.1),0.578 (0.5/0.8),0,4.2,3.7,1.2,0.5,0.5,0.6,-6.94
357 19,140,Vasilije Micic,PG/SG,FA,50,19.4,0.396 (2.5/6.4),0.819 (1.0/1.2),0.9,6.9,1.8,3.9,0.5,0.1,1.8,-6.96
358 19,140.1,Jalen Wilson,PF,BKN,61,20.6,0.404 (2.5/6.2),0.822 (1.3/1.6),1.1,7.4,3.1,1.5,0.4,0.1,0.8,-6.97
359 20,,Guerschon Yabusele,PF,NY,70,14.1,0.500 (2.1/4.2),0.728 (0.8/1.0),0.8,5.7,3,1.1,0.4,0.2,0.7,-7.02
360 33,140,Mac McClung,SG,IND,30,15.8,0.414 (3.5/8.5),0.755 (1.5/2.0),1,9.5,2,0.5,1,0.5,1,-7.03
R#,ADP,PLAYER,POS,TEAM,GP,MPG,FG%,FT%,3PM,PTS,TREB,AST,STL,BLK,TO,TOTAL
361 21,140,Rasheer Fleming,PF,PHO,50,13.8,0.482 (1.8/3.7),0.719 (0.7/1.0),0.6,4.9,2.8,0.4,0.5,0.5,0.5,-7.09
362 30,140.1,Dalano Banton,PG/SG/SF,FA,40,18.1,0.397 (3.4/8.5),0.754 (1.6/2.1),1.1,9.4,2.6,2.4,0.6,0.5,1.4,-7.15
363 24,140,Tony Bradley,C,IND,50,8.7,0.644 (2.3/3.5),0.340 (0.2/0.5),0.1,4.8,3.2,0.5,0.2,0.7,0.4,-7.19
364 24,140,Ben Saraf,SG,BKN,54,18.6,0.437 (3.0/6.9),0.777 (1.0/1.3),0.6,7.6,1.7,2.9,0.4,0.1,1.1,-7.23
365 24,139.2,Seth Curry,PG/SG,FA,55,15.1,0.447 (2.2/5.0),0.859 (0.6/0.6),1.1,6.1,1.7,1,0.5,0.1,0.5,-7.25
366 26,140,Gabe Vincent,PG,LAL,61,20.5,0.390 (2.2/5.6),0.704 (0.2/0.3),1.3,5.9,1.2,1.4,0.7,0.2,0.6,-7.29
367 27,140,DaRon Holmes II,PF,DEN,55,14.4,0.492 (2.1/4.2),0.713 (2.2/3.0),0.3,6.6,3,0.9,0.3,0.7,0.8,-7.32
368 31,140,Jeremiah Robinson-Earl,PF/C,IND,52,13.7,0.460 (1.8/3.9),0.823 (0.5/0.6),0.6,4.7,3.4,1,0.4,0.1,0.6,-7.4
369 29,140,Javon Small,PG,MEM,30,19.6,0.333 (2.0/6.0),0.800 (2.0/2.5),1.3,7.3,1.8,5.3,0,0.3,1.3,-7.41
370 26,140,James Wiseman,C,IND,40,15,0.611 (2.6/4.3),0.708 (1.0/1.4),0,6.3,4.7,0.8,0.2,0.5,0.9,-7.46
371 32,140,Simone Fontecchio,SF,MIA,60,14.2,0.436 (2.0/4.6),0.827 (0.6/0.8),1.1,5.7,2.3,0.8,0.4,0.2,0.6,-7.47
372 33,140,Andre Jackson Jr.,SG/SF,MIL,62,16.3,0.486 (1.5/3.2),0.568 (0.2/0.4),0.5,3.8,3.1,1.4,0.5,0.2,0.9,-7.49
R#,ADP,PLAYER,POS,TEAM,GP,MPG,FG%,FT%,3PM,PTS,TREB,AST,STL,BLK,TO,TOTAL
373 33,,Nique Clifford,SG,SAC,50,13.8,0.484 (1.9/4.0),0.770 (1.1/1.5),0.5,5.5,2.8,1.3,0.4,0.2,0.8,-7.5
374 29,140,Bismack Biyombo,C,SA,33,19.6,0.576 (2.1/3.7),0.454 (0.5/1.2),0,4.8,5.5,1.3,0.4,0.9,1,-7.51
375 26,140,Brandon Boston Jr,SG/SF,FA,37,17.2,0.426 (3.0/7.0),0.765 (1.2/1.5),0.8,8,2.4,1.4,0.8,0.2,1,-7.65
376 34,140,Craig Porter Jr.,SG,CLE,51,11.4,0.510 (1.9/3.7),0.724 (0.6/0.9),0.3,4.7,1.7,1.9,0.4,0.3,0.8,-7.65
377 34,140,Luka Garza,C,BOS,61,15.3,0.473 (3.4/7.3),0.667 (1.0/1.5),0.8,8.6,3.3,0.6,0.4,0.2,0.7,-7.68
378 36,140.3,Caleb Martin,SG/SF,DAL,50,16,0.429 (2.0/4.7),0.701 (0.8/1.1),0.6,5.4,2.5,1.3,0.5,0.3,0.7,-7.74
379 36,140,Maxi Kleber,PF,LAL,54,17,0.413 (1.1/2.8),0.727 (0.6/0.8),0.5,3.4,2.7,1.3,0.3,0.5,0.6,-7.74
380 22,140,Delon Wright,PG/SG,FA,43,15.8,0.373 (1.4/3.7),0.741 (0.6/0.8),0.5,3.9,1.8,2.3,1,0.3,0.4,-7.82
381 22,140,Keon Johnson,SG,BKN,42,16.8,0.389 (2.7/6.8),0.783 (1.0/1.3),1.1,7.4,2.6,1.5,0.7,0.3,1,-7.82
382 38,140,Dalen Terry,SG/SF,CHI,65,14.2,0.447 (1.6/3.7),0.667 (0.6/1.0),0.5,4.4,2,1.5,0.6,0.3,0.7,-7.83
383 40,140.1,Jordan Hawkins,SG,NO,65,16.5,0.380 (2.5/6.5),0.825 (0.9/1.1),1.4,7.2,2,0.9,0.3,0.2,0.6,-7.87
384 74,140,Malik Beasley,SG,FA,10,22.6,0.436 (3.4/7.9),0.675 (0.5/0.8),2.4,9.8,2.2,1.1,0.6,0.1,0.6,-7.87
R#,ADP,PLAYER,POS,TEAM,GP,MPG,FG%,FT%,3PM,PTS,TREB,AST,STL,BLK,TO,TOTAL
385 25,140.2,Grant Williams,PF,CHA,46,16.9,0.454 (2.2/4.8),0.776 (0.9/1.2),1,6.2,2.6,1.4,0.4,0.3,0.9,-7.89
386 40,140,Tidjane Salaun,PF,CHA,52,18,0.371 (1.9/5.0),0.730 (1.0/1.4),0.9,5.6,4.1,1.1,0.4,0.2,0.9,-7.94
387 40,140,Micah Peavy,SG/SF,NO,50,14.4,0.463 (2.0/4.3),0.683 (0.6/0.8),0.5,5,1.7,1.1,0.7,0.2,0.8,-7.98
388 40,140,Josh Okogie,SG/SF,HOU,50,10.8,0.431 (1.2/2.9),0.744 (1.0/1.3),0.4,3.9,1.8,0.7,0.7,0.3,0.5,-8.01
389 43,140,Rob Dillingham,PG,MIN,60,14.7,0.441 (2.6/5.8),0.537 (0.2/0.4),0.7,6,1.4,2.7,0.5,0,1.5,-8.09
390 69,140,Zavier Simpson,PG,FA,7,23.1,0.315 (2.5/7.8),0.741 (0.4/0.6),0.7,6.1,2.9,3.6,1,0.4,1.5,-8.09
391 25,140,Jeff Dowtin Jr.,PG,FA,26,13.5,0.497 (2.4/4.8),0.727 (0.6/0.9),0.7,6,1.4,1.9,0.6,0.2,0.4,-8.1
392 41,140.1,Dalton Knecht,SG/SF,LAL,68,13.2,0.461 (2.3/5.0),0.760 (0.6/0.8),1.1,6.3,1.9,0.6,0.2,0.1,0.3,-8.11
393 43,140,Shake Milton,SG,FA,52,13.4,0.431 (1.9/4.3),0.806 (0.8/1.0),0.5,5.1,1.7,1.6,0.4,0.1,0.7,-8.16
394 43,140,Jaden Hardy,SG,DAL,60,14,0.420 (2.8/6.7),0.736 (0.9/1.2),1.2,7.7,1.6,1.4,0.4,0.1,1.1,-8.17
395 70,140,Jared Rhoden,SG,FA,15,15.3,0.490 (2.5/5.0),0.824 (0.9/1.1),0.8,6.6,2.5,1,0.4,0.5,0.5,-8.2
396 25,140,Karlo Matkovic,PF,NO,44,10.8,0.563 (1.8/3.3),0.770 (0.5/0.6),0.3,4.4,2.9,0.6,0.3,0.6,0.6,-8.26
R#,ADP,PLAYER,POS,TEAM,GP,MPG,FG%,FT%,3PM,PTS,TREB,AST,STL,BLK,TO,TOTAL
397 25,140,Bones Hyland,PG,MIN,30,12.3,0.391 (2.3/5.9),0.833 (0.7/0.8),1.2,6.5,1.3,2,0.7,0.1,1.1,-8.3
398 25,140,Evan Fournier,SG/SF,FA,32,18.1,0.357 (2.5/7.0),0.798 (0.9/1.1),1,6.9,1.8,1.5,0.9,0.2,0.7,-8.32
399 50,140.1,Mason Plumlee,C,CHA,50,9.1,0.599 (1.1/1.8),0.672 (0.8/1.2),0,3,3.5,1,0.2,0.3,0.5,-8.42
400 20,140,Trey Jemison,C,NY,31,16.6,0.552 (2.0/3.6),0.584 (0.6/1.0),0,4.6,4.2,0.8,0.4,0.8,1,-8.44
401 20,140,Markelle Fultz,PG/SG,FA,32,15,0.463 (2.5/5.4),0.702 (0.3/0.5),0.1,5.5,2.2,2,0.7,0.2,0.9,-8.49
402 19,140,Maxime Raynaud,C,SAC,40,14.4,0.464 (2.4/5.2),0.768 (1.1/1.4),0.6,6.5,3.4,0.6,0.3,0.5,0.8,-8.51
403 52,140,Jae'Sean Tate,SF,HOU,55,12,0.472 (1.3/2.8),0.672 (0.4/0.6),0.3,3.4,2.4,0.8,0.5,0.2,0.4,-8.54
404 20,140,Bruno Fernando,C,FA,31,11.9,0.573 (2.0/3.4),0.675 (1.0/1.5),0,4.9,3.5,0.9,0.4,0.5,0.8,-8.54
405 51,140,Noa Essengue,PF,CHI,68,15.8,0.475 (1.8/3.7),0.711 (1.8/2.5),0.3,5.6,2.6,0.6,0.5,0.3,0.6,-8.55
406 21,140,Cam Reddish,SG/SF,FA,40,19.2,0.394 (1.6/4.0),0.707 (0.7/1.0),0.6,4.5,2,0.9,1,0.3,0.5,-8.57
407 56,140,Pat Connaughton,SG/SF,CHA,58,12.4,0.448 (1.3/2.9),0.755 (0.4/0.5),0.6,3.5,1.9,1.3,0.3,0.2,0.4,-8.58
408 56,140,Ricky Council IV,SG,FA,52,13.1,0.402 (2.0/5.0),0.782 (1.5/1.9),0.6,6.1,2.2,1,0.3,0.1,0.5,-8.61
R#,ADP,PLAYER,POS,TEAM,GP,MPG,FG%,FT%,3PM,PTS,TREB,AST,STL,BLK,TO,TOTAL
409 56,140,Julian Phillips,SF,CHI,58,12.4,0.441 (1.4/3.2),0.768 (0.6/0.8),0.5,3.9,1.8,0.5,0.4,0.2,0.3,-8.61
410 24,140,Marcus Morris Sr.,PF,FA,49,16.7,0.440 (2.4/5.5),0.813 (0.7/0.9),1,6.5,2.8,0.7,0.3,0.3,0.6,-8.63
411 57,140,AJ Johnson,SG,WAS,50,16,0.386 (2.1/5.4),0.862 (0.8/0.9),0.6,5.6,1.5,1.9,0.3,0.1,0.9,-8.67
412 70,139.9,Derrick Rose,PG,FA,24,16.6,0.460 (3.2/6.9),0.894 (1.0/1.1),0.6,8,1.9,3.3,0.3,0.1,1.3,-8.69
413 58,140,Blake Wesley,SG,POR,59,13.1,0.456 (1.6/3.4),0.644 (0.8/1.2),0.3,4.1,1.3,2.4,0.6,0.1,0.9,-8.7
414 23,139.9,Jared Butler,SG,PHO,40,10.8,0.460 (2.0/4.4),0.837 (0.7/0.9),0.6,5.4,1.1,2.4,0.5,0.1,0.9,-8.73
415 57,140,Devin Carter,PG,SAC,60,15,0.370 (1.8/4.9),0.589 (1.0/1.7),0.7,5.3,2.9,1.6,0.8,0.2,0.7,-8.74
416 23,140,Nikola Topic,PG,OKC,40,15.4,0.460 (2.6/5.7),0.828 (1.3/1.6),0.5,7,1.5,1.8,0.4,0.1,0.7,-8.78
417 60,140,Drake Powell,SG,BKN,52,17.5,0.479 (1.4/2.9),0.597 (0.5/0.8),0.5,3.8,1.7,0.6,0.4,0.4,0.4,-8.83
418 23,140,Landry Shamet,SG,NY,40,15.5,0.445 (2.4/5.3),0.791 (0.5/0.7),1.2,6.5,1.3,0.9,0.5,0.1,0.6,-8.84
419 23,140.2,Jaylen Clark,SG,MIN,40,13.1,0.467 (1.4/3.0),0.787 (0.7/0.9),0.6,4.1,1.3,0.7,0.9,0.1,0.2,-8.84
420 23,140,Lamar Stevens,SF,FA,27,11.9,0.451 (2.3/5.1),0.771 (0.8/1.1),0.4,5.8,2.8,0.6,0.5,0.4,0.6,-8.84
R#,ADP,PLAYER,POS,TEAM,GP,MPG,FG%,FT%,3PM,PTS,TREB,AST,STL,BLK,TO,TOTAL
421 21,,PJ Hall,,MEM,25,8,0.584 (1.7/2.9),0.755 (0.4/0.5),0.2,4,2.7,0.5,0,0.5,0.2,-8.88
422 21,140,Eric Gordon,SG/SF,PHI,30,14.5,0.440 (2.0/4.5),0.774 (0.5/0.6),1.1,5.6,0.9,1.1,0.5,0.2,0.6,-8.92
423 59,140,Kris Murray,PF,POR,65,14.4,0.407 (1.6/3.9),0.551 (0.4/0.7),0.5,4,2.5,0.9,0.5,0.2,0.6,-8.93
424 22,140,Monte Morris,PG,PHO,40,13.6,0.416 (1.9/4.6),0.800 (0.6/0.8),0.8,5.2,1.6,1.9,0.5,0.2,0.4,-8.96
425 74,140,Oscar Tshiebwe,C,UTA,11,11.7,0.578 (2.1/3.6),0.742 (1.2/1.6),0,5.3,5.5,0.4,0.6,0.1,0.4,-8.99
426 61,140,Malaki Branham,SG,WAS,50,11,0.438 (2.0/4.5),0.849 (0.5/0.5),0.7,5.1,1.1,1.1,0.2,0.1,0.7,-9.05
427 61,140,Jase Richardson,PG/SG,ORL,50,11.4,0.463 (1.4/3.1),0.817 (0.9/1.2),0.4,4.2,1.1,0.6,0.3,0.1,0.3,-9.07
428 21,140,Micah Potter,C,FA,27,15.1,0.435 (1.3/3.0),0.813 (0.4/0.5),0.7,3.7,3.5,0.6,0.3,0.3,0.6,-9.08
429 62,140.1,Nolan Traoré,PG,BKN,62,17.5,0.410 (2.5/6.1),0.706 (1.4/2.0),0.7,7.1,1.1,2.7,0.4,0,1.5,-9.09
430 21,140,Jae Crowder,SF/PF,FA,29,17.3,0.414 (1.7/4.1),0.741 (0.4/0.6),0.9,4.7,2.5,1,0.6,0.1,0.4,-9.18
431 68,140,Alijah Martin,SG,TOR,50,11.4,0.448 (1.4/3.2),0.722 (0.7/0.9),0.6,4.1,1.3,0.6,0.4,0.1,0.4,-9.2
432 70,140,Jett Howard,SG/SF,ORL,60,13.7,0.371 (2.0/5.3),0.653 (0.3/0.5),1.1,5.3,1.4,0.9,0.3,0.2,0.7,-9.25
R#,ADP,PLAYER,POS,TEAM,GP,MPG,FG%,FT%,3PM,PTS,TREB,AST,STL,BLK,TO,TOTAL
433 20,140.1,Ja'Kobe Walter,SG,TOR,40,14.2,0.405 (2.1/5.1),0.796 (0.9/1.1),0.8,5.8,2.1,1.1,0.6,0.1,0.7,-9.27
434 17,,Branden Carlson,,OKC,32,7.7,0.444 (1.4/3.1),0.772 (0.4/0.6),0.7,3.9,1.7,0.4,0.2,0.7,0.2,-9.32
435 74,140,Cody Williams,SG,UTA,60,19.2,0.323 (1.5/4.7),0.726 (0.5/0.7),0.6,4.2,2.1,1.1,0.4,0.3,0.8,-9.33
436 75,,De'Anthony Melton,PG/SG,GS,22,14.5,0.389 (1.9/4.8),0.810 (0.8/1.0),1,5.5,1.9,1.5,0.8,0.2,0.6,-9.34
437 16,,Dylan Cardwell,,SAC,30,13.7,0.200 (0.5/2.5),0.500 (0.5/1.0),0,1.5,2,0,1,1.5,1,-9.4
438 16,140,Baylor Scheierman,SG,BOS,31,14.4,0.355 (1.5/4.2),0.756 (0.3/0.5),1,4.3,2.5,1.3,0.6,0.1,0.5,-9.43
439 78,139.9,Jordan Walsh,SF,BOS,60,13.5,0.376 (3.0/8.0),0.581 (0.7/1.2),0.8,7.5,2.5,0.7,0.5,0.3,0.6,-9.53
440 11,140,Chuma Okeke,PF,FA,28,15.5,0.396 (1.5/3.8),0.600 (0.2/0.3),0.9,4,3.2,0.9,0.4,0.3,0.5,-9.66
441 11,140,Nick Smith Jr.,SG,LAL,40,14.6,0.421 (2.5/6.0),0.907 (0.4/0.4),1.2,6.7,1.4,1.4,0.2,0.1,0.9,-9.67
442 11,140,Malachi Flynn,PG,FA,36,11.8,0.418 (1.8/4.4),0.740 (0.7/1.0),0.7,5.1,1.6,1.8,0.5,0.1,0.9,-9.7
443 65,140,Justin Edwards,SF,PHI,20,17.6,0.456 (2.4/5.3),0.692 (0.5/0.7),1,6.2,2.1,1,0.6,0.2,0.7,-9.78
444 9,140,Duop Reath,C,POR,40,10,0.451 (1.8/4.0),0.768 (0.5/0.7),0.7,4.9,2.1,0.6,0.3,0.3,0.4,-9.79
R#,ADP,PLAYER,POS,TEAM,GP,MPG,FG%,FT%,3PM,PTS,TREB,AST,STL,BLK,TO,TOTAL
445 7,140,Jabari Walker,PF,PHI,46,12.1,0.478 (1.8/3.7),0.736 (0.9/1.2),0.3,4.7,3.6,0.5,0.4,0.1,0.5,-9.81
446 85,140,Anthony Gill,PF,WAS,50,8.6,0.478 (1.2/2.5),0.721 (0.6/0.9),0.2,3.2,1.6,0.5,0.2,0.1,0.3,-9.85
447 8,140.3,Danny Wolf,PF,BKN,45,15.4,0.477 (1.9/4.0),0.584 (0.8/1.4),0.4,5,3.7,1.4,0.3,0.5,1.2,-9.87
448 8,140,Jericho Sims,C,MIL,49,12.5,0.656 (0.9/1.3),0.658 (0.3/0.4),0,2,3.6,0.6,0.2,0.4,0.5,-9.9
449 8,140,David Roddy,PF,FA,49,15.3,0.415 (2.2/5.2),0.707 (0.7/0.9),0.7,5.6,2.9,1.1,0.4,0.2,0.8,-9.92
450 8,140,Gui Santos,SF,GS,39,11,0.469 (1.3/2.7),0.754 (0.5/0.7),0.5,3.6,2.6,1.1,0.3,0.1,0.6,-9.95
451 8,,Nigel Hayes,,PHO,30,12.2,0.433 (1.3/3.0),0.000 (0.0/0.0),0.3,2.8,2.3,0.5,0.8,0,0.3,-9.96
452 8,140,Lindy Waters III,SG/SF,SA,45,11.2,0.401 (1.5/3.8),0.786 (0.1/0.1),1.1,4.2,1.6,0.8,0.3,0.2,0.3,-10.01
453 8,140,Johni Broome,PF/C,PHI,30,12.4,0.493 (2.2/4.5),0.587 (1.0/1.7),0.2,5.7,3.3,0.9,0.3,0.6,0.5,-10.02
454 8,140,Bojan Bogdanovic,SF/PF,FA,30,13.9,0.453 (2.5/5.6),0.787 (1.0/1.2),1.1,7.1,1.3,0.8,0.3,0,0.8,-10.03
455 8,140,Thomas Sorber,C,OKC,40,10.4,0.515 (1.4/2.7),0.712 (0.8/1.1),0.1,3.6,2.1,0.6,0.4,0.5,0.6,-10.05
456 8,140,Oshae Brissett,PF,FA,30,17.6,0.452 (2.0/4.4),0.596 (1.3/2.2),0.5,5.8,4.2,1.1,0.5,0.3,0.6,-10.09
R#,ADP,PLAYER,POS,TEAM,GP,MPG,FG%,FT%,3PM,PTS,TREB,AST,STL,BLK,TO,TOTAL
457 7,140,Kessler Edwards,SF,FA,47,10.1,0.466 (1.2/2.5),0.800 (0.2/0.3),0.5,3,1.8,0.7,0.3,0.3,0.2,-10.12
458 7,140,Christian Koloko,C,LAL,37,9.2,0.606 (1.1/1.8),0.711 (0.3/0.4),0,2.5,2.5,0.4,0.2,0.4,0.3,-10.12
459 69,140,Trevelin Queen,SG,FA,22,12.8,0.378 (1.5/4.0),0.819 (0.6/0.7),0.5,4.2,1.6,1.2,0.8,0.3,0.6,-10.18
460 7,140,Ousmane Dieng,SF,OKC,30,11,0.428 (1.5/3.5),0.783 (0.4/0.5),0.6,4,1.9,1,0.4,0.2,0.5,-10.19
461 7,140,Kyle Lowry,PG,PHI,40,10.4,0.412 (0.9/2.2),0.833 (0.4/0.5),0.6,2.8,1.2,1.6,0.4,0.1,0.5,-10.23
462 5,140,Jamal Cain,SF,ORL,31,11.8,0.431 (1.6/3.7),0.711 (0.8/1.1),0.6,4.6,1.9,0.5,0.5,0.2,0.5,-10.27
463 5,140,Svi Mykhailiuk,SG,UTA,30,12,0.400 (1.8/4.5),0.778 (0.4/0.5),1.2,5.1,1.5,1.2,0.3,0.1,0.7,-10.27
464 4,140.1,GG Jackson II,PF,MEM,42,11.8,0.414 (2.3/5.5),0.741 (1.0/1.4),1,6.5,2.1,0.6,0.3,0.2,0.7,-10.29
465 3,140,Caleb Houstan,SF,ATL,40,13.7,0.404 (1.4/3.4),0.838 (0.3/0.4),1.2,4.3,1.4,0.6,0.3,0.1,0.3,-10.3
466 68,140,Kevin Love,PF/C,UTA,20,10.4,0.421 (1.8/4.2),0.769 (0.9/1.2),1,5.4,3.9,1.2,0.3,0.1,0.6,-10.33
467 1,140,Patty Mills,PG/SG,FA,30,12,0.361 (1.4/3.7),0.976 (0.4/0.4),0.8,3.9,0.9,1,0.5,0.1,0.5,-10.35
468 1,,Asa Newell,PG,ATL,40,11.4,0.510 (1.6/3.1),0.758 (0.9/1.2),0.2,4.4,2,0.3,0.3,0.3,0.3,-10.38
R#,ADP,PLAYER,POS,TEAM,GP,MPG,FG%,FT%,3PM,PTS,TREB,AST,STL,BLK,TO,TOTAL
469,140,Alex Len,C,FA,46,8.8,0.568 (0.9/1.6),0.545 (0.3/0.6),0,2.1,2.4,1,0.2,0.6,0.5,-10.42
470,140,Jaden Springer,PG/SG,NO,46,9.4,0.394 (1.0/2.6),0.770 (0.7/0.9),0.2,3,1.5,0.8,0.7,0.2,0.5,-10.42
471 67,140,Elfrid Payton,PG,FA,20,13.3,0.325 (1.1/3.4),0.579 (0.1/0.2),0,2.4,2.2,4.6,0.7,0.3,1.6,-10.48
472 4,140,A.J. Lawson,SG,TOR,34,13.1,0.430 (2.2/5.2),0.671 (1.0/1.4),0.8,6.2,2.3,0.9,0.4,0.2,0.5,-10.56
473 65,,Killian Hayes,PG,FA,20,15.5,0.414 (1.7/4.1),0.701 (0.5/0.8),0.4,4.3,1.7,2.9,0.5,0.3,0.7,-10.63
474 4,140,Lester Quinones,SG,FA,25,12.4,0.398 (1.9/4.8),0.736 (0.7/0.9),1,5.4,2,1.3,0.2,0.1,0.7,-10.63
475 4,140,Cory Joseph,PG,FA,38,11.8,0.392 (1.1/2.9),0.727 (0.2/0.3),0.7,3.2,1.4,1.5,0.4,0.1,0.4,-10.64
476 5,140,JT Thor,PF,FA,41,12.4,0.435 (1.3/2.9),0.627 (0.3/0.5),0.4,3.3,2.4,0.4,0.2,0.4,0.3,-10.7
477 65,140,Leonard Miller,SF,MIN,15,6.8,0.542 (1.6/2.9),0.902 (0.7/0.8),0.2,4,2.5,0.7,0.3,0.2,0.3,-10.8
478 7,140,Taj Gibson,PF,FA,28,10.6,0.470 (1.1/2.3),0.632 (0.2/0.4),0.1,2.5,2.7,0.6,0.2,0.4,0.5,-10.8
479 7,140,Patrick Baldwin Jr.,SF,LAC,31,8.7,0.410 (1.1/2.8),0.660 (0.3/0.5),0.6,3.2,2.2,0.5,0.3,0.3,0.4,-10.83
480 64,,Marcus Bagley,,FA,10,12.3,0.390 (1.3/3.3),0.792 (0.4/0.5),0.2,3.2,3.4,0.5,0.4,0.6,0.3,-10.85
R#,ADP,PLAYER,POS,TEAM,GP,MPG,FG%,FT%,3PM,PTS,TREB,AST,STL,BLK,TO,TOTAL
481 63,,Keion Brooks Jr.,,FA,14,11.7,0.466 (2.0/4.3),0.737 (0.9/1.2),0.6,5.5,2.3,0.5,0.4,0.4,0.5,-10.88
482 7,140,Dwight Powell,C,DAL,40,8.6,0.676 (0.7/1.1),0.687 (0.6/0.8),0,2,2.1,0.9,0.3,0.3,0.3,-10.89
483 64,140,Cam Spencer,SG,MEM,10,10.1,0.413 (1.4/3.3),1.000 (0.8/0.8),0.8,4.3,1.2,1.4,0.4,0,0.2,-10.94
484 8,140,Zeke Nnaji,PF,DEN,30,8.3,0.481 (1.0/2.1),0.653 (0.5/0.8),0.2,2.6,1.5,0.4,0.3,0.5,0.3,-10.98
485 10,140,Doug McDermott,SF,SAC,30,11.1,0.432 (1.6/3.6),0.591 (0.1/0.2),1.2,4.5,0.7,0.7,0.2,0,0.3,-11.01
486 10,140,Ariel Hukporti,C,NY,25,8.7,0.680 (0.9/1.3),0.453 (0.2/0.5),0,1.9,2.1,0.4,0,0.6,0.9,-11.02
487 10,140,Jaylon Tyson,SG,CLE,47,9.6,0.429 (1.4/3.2),0.804 (0.4/0.5),0.4,3.6,2.1,0.9,0.3,0.1,0.6,-11.02
488 10,140,Kenyon Martin Jr.,SF,UTA,30,10.8,0.546 (1.4/2.5),0.672 (0.4/0.6),0.2,3.3,1.7,0.7,0.3,0.2,0.4,-11.02
489 65,140,Dario Saric,PF,SAC,20,10.2,0.453 (1.6/3.5),0.840 (0.7/0.8),0.6,4.5,2.6,1.3,0.3,0.1,0.7,-11.05
490 10,140,Tyler Kolek,PG,NY,30,12.2,0.426 (2.0/4.7),0.000 (0.0/0.0),0.7,4.7,0.7,2,0.3,0,1.3,-11.07
491 10,140,Kobe Bufkin,PG/SG,BKN,30,11.9,0.375 (2.0/5.2),0.653 (0.6/1.0),0.5,5.1,2,1.7,0.4,0.3,0.7,-11.07
492 11,140,Yanic Konan Niederhauser,C,LAC,30,8.4,0.535 (1.2/2.3),0.664 (0.8/1.1),0,3.2,1.6,0.2,0.2,0.6,0.4,-11.1
R#,ADP,PLAYER,POS,TEAM,GP,MPG,FG%,FT%,3PM,PTS,TREB,AST,STL,BLK,TO,TOTAL
493 11,,Caleb Love,,POR,30,11.2,0.200 (2.0/10.0),0.000 (0.0/0.0),1,5,4,1,0,0,0,-11.11
494 69,140,P.J. Tucker,SF/PF,FA,17,17.5,0.368 (0.7/1.9),1.000 (0.1/0.1),0.5,2,3,0.5,0.6,0.3,0.3,-11.11
495 12,140,Liam McNeeley,SG/SF,CHA,40,12.4,0.383 (1.3/3.3),0.850 (1.2/1.4),0.5,4.2,1.7,0.7,0.2,0.1,0.6,-11.18
496 12,140,Wendell Moore Jr.,SF,FA,30,8.4,0.474 (1.0/2.1),0.818 (0.3/0.3),0.2,2.5,1.6,0.7,0.4,0.1,0.5,-11.18
497 63,140,Kevin Knox II,SF,FA,22,12,0.469 (2.0/4.2),0.875 (0.5/0.6),0.7,5.1,1.7,0.5,0.3,0.2,0.5,-11.4
498 16,140,Pelle Larsson,SG,MIA,40,10.2,0.438 (1.2/2.7),0.675 (0.5/0.8),0.4,3.3,1.2,0.9,0.4,0.1,0.3,-11.42
499 16,,Isaac Jones,,SAC,40,7.6,0.648 (1.4/2.1),0.637 (0.6/0.9),0.1,3.4,1.4,0.3,0.1,0.3,0.4,-11.43
500 18,,Elijah Harkless,,UTA,30,12.1,0.333 (1.0/3.0),0.500 (0.5/1.0),0.5,3,1.5,1,1,0,0,-11.48
501 20,140,Noah Penda,SF/PF,ORL,44,10.4,0.429 (1.0/2.3),0.670 (0.6/0.9),0.3,2.9,1.6,0.8,0.3,0.3,0.5,-11.51
502 20,140,Rayan Rupert,SG,POR,45,12.5,0.369 (1.3/3.5),0.766 (0.5/0.6),0.5,3.6,1.9,1,0.3,0.1,0.7,-11.54
503 24,140,MarJon Beauchamp,SG,FA,41,8.6,0.468 (1.2/2.6),0.709 (0.4/0.6),0.5,3.3,1.6,0.5,0.2,0.1,0.5,-11.62
504 24,138.6,Bronny James,PG,LAL,30,9.7,0.315 (1.1/3.6),0.776 (0.6/0.8),0.5,3.4,1,1.2,0.5,0.2,0.7,-11.65
R#,ADP,PLAYER,POS,TEAM,GP,MPG,FG%,FT%,3PM,PTS,TREB,AST,STL,BLK,TO,TOTAL
505 24,140,Chris Duarte,SG,FA,38,8.3,0.390 (1.0/2.5),0.791 (0.3/0.4),0.5,2.8,1.3,0.6,0.3,0.1,0.3,-11.67
506 24,140,Joan Beringer,C,MIN,40,8.4,0.525 (0.7/1.4),0.567 (0.3/0.6),0,1.8,1.6,0.2,0.2,0.5,0.2,-11.82
507 25,140,Hugo González,SG/SF,BOS,30,12.4,0.409 (1.0/2.5),0.701 (0.6/0.9),0.4,3,1.5,0.5,0.3,0.3,0.5,-11.84
508 56,140,Torrey Craig,SF/PF,FA,10,10.9,0.428 (1.2/2.8),0.718 (0.3/0.4),0.7,3.3,2.3,0.6,0.3,0.3,0.3,-11.86
509 25,140,Dillon Jones,SF,WAS,30,10.2,0.382 (1.0/2.5),0.615 (0.3/0.5),0.3,2.5,2.3,1.1,0.3,0.1,0.5,-11.95
510 51,140,Jordan McLaughlin,PG,SA,20,9,0.438 (0.9/2.1),0.744 (0.3/0.4),0.6,2.7,1,1.6,0.5,0.1,0.3,-11.99
511 50,140.1,Jaylen Nowell,SG,FA,10,18.7,0.398 (3.0/7.5),0.697 (0.7/1.0),0.7,7.3,2.2,1.8,0.3,0.3,0.7,-12
512 24,140,Jevon Carter,PG,CHI,32,7.2,0.377 (1.1/2.8),0.778 (0.1/0.1),0.6,2.8,0.5,0.7,0.3,0.1,0.3,-12.05
513 24,140,Chaz Lanier,SG,DET,40,8.7,0.421 (1.3/3.1),0.778 (0.4/0.5),0.7,3.7,0.8,0.2,0.2,0,0.2,-12.07
514 25,140,Bryce McGowens,SG,NO,36,8.7,0.430 (1.0/2.4),0.773 (0.7/0.9),0.3,3,1,0.5,0.2,0.1,0.3,-12.08
515 25,140,Will Riley,SG/SF,WAS,40,10.4,0.423 (1.4/3.2),0.723 (0.7/1.0),0.4,3.8,1.3,0.7,0.1,0.1,0.4,-12.08
516 26,140,Johnny Davis,SG,FA,42,9.7,0.406 (1.1/2.7),0.578 (0.3/0.5),0.2,2.7,1.3,0.5,0.4,0.2,0.2,-12.14
517 26,140,Tristan Thompson,PF/C,FA,44,9.7,0.545 (1.2/2.1),0.272 (0.3/0.9),0,2.6,3.4,0.8,0.2,0.3,0.5,-12.15
518 45,,Kylor Kelley,,FA,11,11.5,0.635 (1.3/2.0),0.598 (0.6/0.9),0,3.1,3.6,0.5,0.1,0.3,0.4,-12.28
519 45,140,Daeqwon Plowden,SG,SAC,6,5.9,0.639 (1.3/2.1),1.000 (0.2/0.2),0.8,3.6,0.9,0.2,0,0,0.3,-12.28
520 45,,Tolu Smith,,DET,2,8.4,0.667 (2.3/3.4),0.667 (0.8/1.1),0,5.3,3,0,0,0,0.8,-12.32
521 26,,Tyrese Proctor,,CLE,30,12.7,0.213 (1.0/4.7),0.000 (0.0/0.0),0.7,2.7,1.3,1,0.7,0,1.3,-12.34
522 42,140,Dariq Whitehead,SF,BKN,11,12.1,0.396 (1.8/4.6),0.563 (0.2/0.3),1.5,5.3,1.5,0.7,0.3,0.1,0.7,-12.43
523 28,140,Kobe Brown,PF,LAC,30,5.9,0.434 (0.6/1.5),0.625 (0.1/0.1),0.2,1.5,1.1,0.4,0.2,0.1,0.2,-12.5
524 41,,Nae'Qwan Tomlin,,CLE,5,12.7,0.406 (2.6/6.5),0.726 (1.6/2.2),0.4,7.3,4.3,0.4,0,0.2,0.4,-12.51
525 28,140,Maxwell Lewis,SF,BKN,31,7.4,0.379 (0.9/2.2),0.696 (0.2/0.2),0.4,2.2,1,0.4,0.2,0.1,0.4,-12.56
526 42,140,Colin Castleton,C,ORL,21,10.2,0.481 (1.2/2.4),0.793 (0.7/0.9),0,3.1,2.8,0.7,0.2,0.2,0.6,-12.57
527 27,140,Hunter Tyson,SF,DEN,30,5.3,0.377 (0.6/1.7),0.758 (0.3/0.3),0.3,1.8,1,0.3,0.1,0.1,0.2,-12.7
528 38,140,Colby Jones,SG,DET,10,9.8,0.436 (1.2/2.8),0.641 (0.4/0.6),0.3,3.1,1.8,0.9,0.5,0.3,0.5,-12.71
529 36,,Reece Beekman,,BKN,16,11,0.328 (0.8/2.5),0.760 (0.4/0.5),0.2,2.2,0.9,1.5,0.8,0.1,0.5,-12.84
530 36,140,Garrett Temple,SG,TOR,20,9.4,0.343 (0.9/2.5),0.841 (0.5/0.6),0.3,2.6,1.4,1.1,0.5,0.1,0.4,-12.84
531 24,140,Olivier-Maxence Prosper,PF,MEM,40,6.8,0.394 (0.8/2.1),0.655 (0.6/0.9),0.2,2.4,1.5,0.5,0.3,0.1,0.2,-12.94
532 27,,Yuki Kawamura,,CHI,22,8.2,0.383 (1.0/2.6),0.788 (0.6/0.8),0.6,3.3,1.1,2,0.2,0,0.5,-13.02
533 27,140,Tosan Evbuomwan,SF,NY,22,10.4,0.446 (1.3/3.0),0.730 (0.7/1.0),0.4,3.8,1.8,0.7,0.3,0.2,0.5,-13.03
534 24,140,Jalen Pickett,PG/SG,DEN,20,9.1,0.426 (1.1/2.5),0.714 (0.1/0.1),0.6,2.8,1,1.5,0.3,0.1,0.4,-13.07
535 24,140,Damion Baugh,SG,FA,15,13.7,0.322 (1.4/4.3),0.878 (0.4/0.5),0.4,3.6,1.6,1.8,0.5,0.1,1,-13.13
536 24,140,KJ Simpson,PG,CHA,16,10.4,0.363 (1.4/3.8),0.823 (0.5/0.6),0.4,3.6,1.4,1.4,0.4,0.1,0.7,-13.14
537 24,139.9,Isaiah Mobley,PF,FA,5,12.3,0.387 (1.7/4.3),0.333 (0.1/0.4),0.6,4,2,1.5,0.4,0.1,0.3,-13.32
538 22,140,Tyler Smith,SF,MIL,14,5.3,0.482 (1.1/2.2),0.743 (0.3/0.4),0.6,3,1.1,0.2,0.1,0.2,0.4,-13.35
539 20,,Jackson Rowe,,GS,6,8.6,0.469 (1.3/2.9),0.495 (0.5/1.0),0.5,3.7,1.9,0.7,0.7,0,0.2,-13.4
540 20,139.9,Antonio Reeves,SG,CHA,14,8,0.461 (1.4/3.0),0.791 (0.3/0.4),0.6,3.8,0.8,0.5,0.3,0.1,0.4,-13.41
541 18,140,Adou Thiero,SF,LAL,20,10.4,0.488 (1.5/3.0),0.679 (1.3/1.8),0.1,4.3,1.6,0.5,0.5,0.2,0.5,-13.48
542 18,,Cole Swider,,FA,14,10.9,0.366 (1.6/4.3),0.692 (0.1/0.1),1.1,4.3,1.5,0.3,0.2,0.1,0.5,-13.51
543 18,140,Jeff Green,PF,HOU,20,7.1,0.468 (1.0/2.1),0.811 (0.6/0.7),0.4,2.9,1,0.4,0.1,0.2,0.2,-13.51
544 18,,Drew Timme,,BKN,10,10.4,0.441 (1.9/4.2),0.621 (0.4/0.7),0.4,4.5,2.7,0.8,0.2,0,0.6,-13.55
545 12,,Jaylen Martin,,WAS,10,7.9,0.419 (1.0/2.5),0.909 (0.3/0.3),0.2,2.6,1.5,0.6,0.3,0,0.4,-13.9
546 11,,Tyson Etienne,,BKN,7,11.4,0.328 (1.3/4.0),0.803 (0.6/0.8),1,4.2,0.7,0.9,0.2,0.1,0.6,-14.02
547 9,140,Jordan Miller,SF,LAC,20,7.4,0.441 (1.1/2.4),0.806 (0.5/0.6),0.2,2.8,1.1,0.6,0.3,0.1,0.5,-14.09
548 7,140,Jalen Hood-Schifino,SG,FA,18,13.1,0.329 (1.5/4.5),0.734 (0.9/1.3),0.5,4.4,1.3,1.4,0.3,0.3,0.8,-14.14
549 5,,Taze Moore,,FA,3,10,0.345 (1.7/4.9),0.507 (0.3/0.7),0.3,4,2.7,1,0.7,0,0.8,-14.17
550 5,140,Orlando Robinson,C,ORL,10,5,0.459 (0.7/1.6),0.756 (0.3/0.5),0.1,1.9,1.4,0.5,0.1,0.1,0.3,-14.23
551 5,139.9,Joe Ingles,SF,MIN,20,6,0.424 (0.5/1.2),0.813 (0.1/0.2),0.3,1.5,0.7,1.1,0.2,0,0.4,-14.27
552 4,140,Jamaree Bouyea,PG,MIL,10,8.4,0.401 (0.9/2.2),0.667 (0.2/0.3),0.1,2.1,1.3,1.1,0.3,0.1,0.9,-14.5
553 4,,Ron Harper Jr.,,BOS,8,8.3,0.126 (0.4/3.3),1.000 (0.8/0.8),0,1.6,2.8,1.2,0,0,0,-14.54
554 4,140,DeAndre Jordan,C,NO,10,4.7,0.637 (0.7/1.0),0.451 (0.2/0.5),0,1.5,1.9,0.4,0.1,0.2,0.3,-14.54
555 3,,Jacob Toppin,,ATL,13,4.3,0.454 (0.5/1.2),1.000 (0.1/0.1),0.2,1.4,0.8,0.3,0.1,0,0.2,-14.6
556,140,James Johnson,PF,IND,10,4.1,0.337 (0.4/1.0),0.667 (0.1/0.2),0,0.8,0.5,0.6,0.3,0.2,0.4,-15.21
557,140,Chris Livingston,SF,CLE,20,5.1,0.403 (0.5/1.3),0.750 (0.4/0.5),0,1.5,1.5,0.3,0.2,0,0.3,-15.23
